model,seed,tracer_count,mass_ratio,speed_factor,inclination_deg,initial_offset_kpc,retrograde,duration_myr,frame,time_myr,separation_kpc,primary_rms_kpc,secondary_rms_kpc,primary_outer_fraction,secondary_outer_fraction,centers_energy_normalized_error,centers_angular_normalized_error
galaxy-tidal-restricted-v1,1234,1600,0.6,1,25,12,0,800,0,0,61.18823416311342,7.780303104195488,6.660339346614332,0,0,0,0
galaxy-tidal-restricted-v1,1234,1600,0.6,1,25,12,0,800,1,4,60.559270391143244,7.780339180716821,6.660382642285912,0,0,7.98662154438095e-11,4.156242691425409e-17
galaxy-tidal-restricted-v1,1234,1600,0.6,1,25,12,0,800,2,8,59.927486074028266,7.780450009144888,6.66051103423005,0,0,1.6415118275892957e-10,4.156242691425409e-17
galaxy-tidal-restricted-v1,1234,1600,0.6,1,25,12,0,800,3,12,59.29282543722373,7.780638945376176,6.660721791923655,0,0,2.5316733413648474e-10,-4.156242691425409e-17
galaxy-tidal-restricted-v1,1234,1600,0.6,1,25,12,0,800,4,16,58.65523079078961,7.780908640051453,6.66101172799754,0,0,3.472578747610861e-10,-4.156242691425409e-17
galaxy-tidal-restricted-v1,1234,1600,0.6,1,25,12,0,800,5,20,58.01464243518264,7.78126109927893,6.661377453489602,0,0,4.467929733880401e-10,0
galaxy-tidal-restricted-v1,1234,1600,0.6,1,25,12,0,800,6,24,57.370998561002075,7.781697775502214,6.661815639246874,0,0,5.521792859003268e-10,2.0781213457127047e-16
galaxy-tidal-restricted-v1,1234,1600,0.6,1,25,12,0,800,7,28,56.72423514220971,7.782219664244121,6.662323271845645,0,0,6.638571577637376e-10,4.156242691425409e-17
galaxy-tidal-restricted-v1,1234,1600,0.6,1,25,12,0,800,8,32,56.0742858222996,7.782827380952964,6.66289789248615,0,0,7.82309849972698e-10,0
galaxy-tidal-restricted-v1,1234,1600,0.6,1,25,12,0,800,9,36,55.42108179284385,7.7835211956056005,6.663537807684828,0,0,9.080664556395926e-10,-1.2468728074276227e-16
galaxy-tidal-restricted-v1,1234,1600,0.6,1,25,12,0,800,10,40,54.7645516637829,7.7843010102798775,6.664242261557592,0,0,1.0417071974733337e-9,1.6624970765701637e-16
galaxy-tidal-restricted-v1,1234,1600,0.6,1,25,12,0,800,11,44,54.10462132476961,7.7851662751022195,6.6650115613885825,0,0,1.1838647372684462e-9,1.2468728074276227e-16
galaxy-tidal-restricted-v1,1234,1600,0.6,1,25,12,0,800,12,48,53.4412137968053,7.7861158490435,6.665847151160914,0,0,1.3352386398072293e-9,-8.312485382850819e-17
galaxy-tidal-restricted-v1,1234,1600,0.6,1,25,12,0,800,13,52,52.77424907333046,7.78714782233569,6.66675163159068,0,0,1.4965994203714712e-9,8.312485382850819e-17
galaxy-tidal-restricted-v1,1234,1600,0.6,1,25,12,0,800,14,56,52.103643949846315,7.788259325495818,6.66772872934071,0,0,1.668793008909783e-9,3.3249941531403274e-16
galaxy-tidal-restricted-v1,1234,1600,0.6,1,25,12,0,800,15,60,51.42931184104795,7.789446355098917,6.668783221581836,0,0,1.852753904450676e-9,2.9093698839977864e-16
galaxy-tidal-restricted-v1,1234,1600,0.6,1,25,12,0,800,16,64,50.75116258434243,7.790703647839604,6.669920824013162,0,0,2.0495190437824108e-9,4.57186696056795e-16
galaxy-tidal-restricted-v1,1234,1600,0.6,1,25,12,0,800,17,68,50.06910222850455,7.7920246315849075,6.671148050341313,0,0,2.2602335155871843e-9,4.987491229710491e-16
galaxy-tidal-restricted-v1,1234,1600,0.6,1,25,12,0,800,18,72,49.38303280608835,7.7934014748886655,6.672472049213937,0,0,2.486170976566403e-9,4.1562426914254094e-16
galaxy-tidal-restricted-v1,1234,1600,0.6,1,25,12,0,800,19,76,48.69285208806078,7.79482524519782,6.673900421492011,0,0,2.7287462106314486e-9,3.7406184222828684e-16
galaxy-tidal-restricted-v1,1234,1600,0.6,1,25,12,0,800,20,80,47.99845331895257,7.7962861719516,6.675441017582614,0,0,2.989538104484886e-9,3.3249941531403274e-16
galaxy-tidal-restricted-v1,1234,1600,0.6,1,25,12,0,800,21,84,47.299724930629026,7.7977739960865184,6.677101712166001,0,0,3.2703080399898803e-9,7.481236844565737e-16
galaxy-tidal-restricted-v1,1234,1600,0.6,1,25,12,0,800,22,88,46.59655023256705,7.7992783748438,6.678890152361363,0,0,3.5730247744628045e-9,9.559358190278442e-16
galaxy-tidal-restricted-v1,1234,1600,0.6,1,25,12,0,800,23,92,45.888807076277736,7.8007893028381305,6.6808134751283506,0,0,3.899896939811424e-9,8.72810965199336e-16
galaxy-tidal-restricted-v1,1234,1600,0.6,1,25,12,0,800,24,96,45.176367491237556,7.802297508710719,6.682877990514952,0,0,4.25340720829556e-9,7.065612575423196e-16
galaxy-tidal-restricted-v1,1234,1600,0.6,1,25,12,0,800,25,100,44.459097289376125,7.803794791436173,6.685088829736305,0,0,4.63635288668871e-9,5.818739767995573e-16
galaxy-tidal-restricted-v1,1234,1600,0.6,1,25,12,0,800,26,104,43.73685563481214,7.805274270079556,6.687449561966971,0,0,5.051891748396007e-9,4.57186696056795e-16
galaxy-tidal-restricted-v1,1234,1600,0.6,1,25,12,0,800,27,108,43.009494575124606,7.806730533240014,6.6899617920402035,0,0,5.503596436773455e-9,3.7406184222828684e-16
galaxy-tidal-restricted-v1,1234,1600,0.6,1,25,12,0,800,28,112,42.276858529988026,7.808159687243668,6.692624763013689,0,0,5.995523153782641e-9,3.3249941531403274e-16
galaxy-tidal-restricted-v1,1234,1600,0.6,1,25,12,0,800,29,116,41.53878373247749,7.809559313519264,6.6954350014669,0,0,6.532284753290545e-9,2.4937456148552454e-16
galaxy-tidal-restricted-v1,1234,1600,0.6,1,25,12,0,800,30,120,40.795097617758714,7.810928354280538,6.698386056858924,0,0,7.119147762306251e-9,2.9093698839977864e-16
galaxy-tidal-restricted-v1,1234,1600,0.6,1,25,12,0,800,31,124,40.045618153203996,7.812266950953438,6.701468396108459,0,0,7.762137259152181e-9,2.9093698839977864e-16
galaxy-tidal-restricted-v1,1234,1600,0.6,1,25,12,0,800,32,128,39.29015310321273,7.81357626156591,6.70466951778651,0,0,8.468169012817165e-9,1.6624970765701637e-16
galaxy-tidal-restricted-v1,1234,1600,0.6,1,25,12,0,800,33,132,38.52849922114942,7.814858282159966,6.707974344768264,0,0,9.245209359669221e-9,1.2468728074276227e-16
galaxy-tidal-restricted-v1,1234,1600,0.6,1,25,12,0,800,34,136,37.76044135983486,7.816115694764802,6.711365938745562,0,0,1.0102459960460933e-8,2.9093698839977864e-16
galaxy-tidal-restricted-v1,1234,1600,0.6,1,25,12,0,800,35,140,36.985751490925075,7.81735176298094,6.714826554711271,0,0,1.1050586841874786e-8,2.9093698839977864e-16
galaxy-tidal-restricted-v1,1234,1600,0.6,1,25,12,0,800,36,144,36.20418762227875,7.818570298279647,6.718339019919353,0,0,1.2101999912920483e-8,3.3249941531403274e-16
galaxy-tidal-restricted-v1,1234,1600,0.6,1,25,12,0,800,37,148,35.415492601044186,7.819775727228973,6.72188838324986,0,0,1.3271194741586007e-8,6.234364037138114e-16
galaxy-tidal-restricted-v1,1234,1600,0.6,1,25,12,0,800,38,152,34.61939278869039,7.8209733014273395,6.725463742527353,0,0,1.4575155877475665e-8,2.4937456148552454e-16
galaxy-tidal-restricted-v1,1234,1600,0.6,1,25,12,0,800,39,156,33.81559659258175,7.822169504659629,6.729060125386243,0,0,1.6033888742467326e-8,2.0781213457127047e-16
galaxy-tidal-restricted-v1,1234,1600,0.6,1,25,12,0,800,40,160,33.00379283698543,7.823372719960012,6.732680279725768,0,0,1.7671029733581357e-8,8.312485382850819e-17
galaxy-tidal-restricted-v1,1234,1600,0.6,1,25,12,0,800,41,164,32.18364895467856,7.824594216132706,6.736336227045471,0,0,1.9514648344567143e-8,4.987491229710491e-16
galaxy-tidal-restricted-v1,1234,1600,0.6,1,25,12,0,800,42,168,31.354808978713034,7.825849493554061,6.740050448080766,0,0,2.1598209759424663e-8,2.4937456148552454e-16
galaxy-tidal-restricted-v1,1234,1600,0.6,1,25,12,0,800,43,172,30.51689131262112,7.827159991692931,6.7438566049470285,0,0,2.3961832080970135e-8,5.818739767995573e-16
galaxy-tidal-restricted-v1,1234,1600,0.6,1,25,12,0,800,44,176,29.669486256766984,7.828555110857702,6.747799755313605,0,0,2.6653808671419e-8,7.481236844565737e-16
galaxy-tidal-restricted-v1,1234,1600,0.6,1,25,12,0,800,45,180,28.812153269266435,7.830074449471654,6.7519360781572315,0,0,2.9732591195037764e-8,9.1437339211359e-16
galaxy-tidal-restricted-v1,1234,1600,0.6,1,25,12,0,800,46,184,27.944417942886254,7.831770120629388,6.756332201749571,0,0,3.326927990924943e-8,8.312485382850819e-16
galaxy-tidal-restricted-v1,1234,1600,0.6,1,25,12,0,800,47,188,27.065768686177986,7.833709001967214,6.761064294864008,0,0,3.7350820960800044e-8,9.559358190278442e-16
galaxy-tidal-restricted-v1,1234,1600,0.6,1,25,12,0,800,48,192,26.175653110380534,7.835974799502185,6.766217141601755,0,0,4.2084084729990294e-8,1.0390606728563524e-15
galaxy-tidal-restricted-v1,1234,1600,0.6,1,25,12,0,800,49,196,25.273474147552093,7.83866986888456,6.771883457201586,0,0,4.760110652503628e-8,9.974982459420982e-16
galaxy-tidal-restricted-v1,1234,1600,0.6,1,25,12,0,800,50,200,24.358585966900687,7.841916828674721,6.778163705978754,0,0,5.406582509385408e-8,1.2053103805133688e-15
galaxy-tidal-restricted-v1,1234,1600,0.6,1,25,12,0,800,51,204,23.43028982687913,7.845860109814076,6.78516664615142,0,0,6.168265930138563e-8,1.0806230997706064e-15
galaxy-tidal-restricted-v1,1234,1600,0.6,1,25,12,0,800,52,208,22.487830119616312,7.850667707853924,6.7930107484053766,0,0,7.070742784003021e-8,1.2053103805133688e-15
galaxy-tidal-restricted-v1,1234,1600,0.6,1,25,12,0,800,53,212,21.53039106453161,7.8565335398523315,6.801826517400199,0,0,8.146091720318274e-8,1.4131225150846392e-15
galaxy-tidal-restricted-v1,1234,1600,0.6,1,25,12,0,800,54,216,20.557094846268537,7.863680946588822,6.811759579804322,0,0,9.434522101385281e-8,1.2053103805133688e-15
galaxy-tidal-restricted-v1,1234,1600,0.6,1,25,12,0,800,55,220,19.56700256806003,7.872367942448534,6.822974132439947,0,0,1.098620995378077e-7,1.0806230997706064e-15
galaxy-tidal-restricted-v1,1234,1600,0.6,1,25,12,0,800,56,224,18.55912038373628,7.882894437688398,6.83565576661578,0,0,1.286303639844809e-7,9.559358190278442e-16
galaxy-tidal-restricted-v1,1234,1600,0.6,1,25,12,0,800,57,228,17.532414906006217,7.89560945229273,6.850011205411702,0,0,1.513943015216531e-7,9.974982459420982e-16
galaxy-tidal-restricted-v1,1234,1600,0.6,1,25,12,0,800,58,232,16.48584507550218,7.910907318878855,6.866258542944414,0,0,1.7900327367360392e-7,9.974982459420982e-16
galaxy-tidal-restricted-v1,1234,1600,0.6,1,25,12,0,800,59,236,15.418423283960001,7.9291705777747685,6.884591437191889,0,0,2.1231621075848722e-7,7.896861113708278e-16
galaxy-tidal-restricted-v1,1234,1600,0.6,1,25,12,0,800,60,240,14.329328976971087,7.950541817994576,6.905077467961973,0,0,2.519252399314385e-7,7.065612575423196e-16
galaxy-tidal-restricted-v1,1234,1600,0.6,1,25,12,0,800,61,244,13.21811786654309,7.974399152156216,6.927411171683034,0,0,2.9746149311694574e-7,8.312485382850819e-16
galaxy-tidal-restricted-v1,1234,1600,0.6,1,25,12,0,800,62,248,12.085108898125082,7.998802570216261,6.950421881802848,0,0,3.459640414518652e-7,9.559358190278442e-16
galaxy-tidal-restricted-v1,1234,1600,0.6,1,25,12,0,800,63,252,10.932109630417393,8.020313533751,6.971344945752493,0,0,3.8822725357461865e-7,1.2468728074276228e-15
galaxy-tidal-restricted-v1,1234,1600,0.6,1,25,12,0,800,64,256,9.76380214340432,8.034049932290975,6.985154613453114,0,0,4.011045716181561e-7,1.1637479535991146e-15
galaxy-tidal-restricted-v1,1234,1600,0.6,1,25,12,0,800,65,260,8.590445830701233,8.034151235985117,6.9845180651470065,0,0,3.331255471407061e-7,1.0390606728563524e-15
galaxy-tidal-restricted-v1,1234,1600,0.6,1,25,12,0,800,66,264,7.433220338451394,8.014902910217035,6.960888765977637,0,0,8.505159460477189e-8,1.1637479535991146e-15
galaxy-tidal-restricted-v1,1234,1600,0.6,1,25,12,0,800,67,268,6.334634656175688,7.971928218719313,6.906920556521316,0,0,-4.879301967982945e-7,1.1637479535991146e-15
galaxy-tidal-restricted-v1,1234,1600,0.6,1,25,12,0,800,68,272,5.376745088055986,7.903413097743958,6.819584855142685,0,0,-0.0000014618537784218626,1.1221855266848606e-15
galaxy-tidal-restricted-v1,1234,1600,0.6,1,25,12,0,800,69,276,4.700698847675883,7.811085890665905,6.702708990649952,0,0,-0.000002542312369239476,1.2053103805133688e-15
galaxy-tidal-restricted-v1,1234,1600,0.6,1,25,12,0,800,70,280,4.480733129480319,7.700571492332842,6.567751707944154,0,0,-0.0000029793123932689876,1.2468728074276228e-15
galaxy-tidal-restricted-v1,1234,1600,0.6,1,25,12,0,800,71,284,4.79392986955936,7.5812699860648785,6.4317947057207405,0,0,-0.000002370372943485094,1.2884352343418768e-15
galaxy-tidal-restricted-v1,1234,1600,0.6,1,25,12,0,800,72,288,5.533969667979999,7.465385104600431,6.31338849102303,0,0,-0.0000012618408852139524,1.329997661256131e-15
galaxy-tidal-restricted-v1,1234,1600,0.6,1,25,12,0,800,73,292,6.525875259734843,7.366397288719505,6.229121817833646,0,0,-3.5413734090307075e-7,1.329997661256131e-15
galaxy-tidal-restricted-v1,1234,1600,0.6,1,25,12,0,800,74,296,7.639680048254319,7.297347767327698,6.191419400463274,0,0,1.494667516839717e-7,1.2884352343418768e-15
galaxy-tidal-restricted-v1,1234,1600,0.6,1,25,12,0,800,75,300,8.802155603582852,7.268514171800319,6.206823290919296,0,0,3.5509444218935877e-7,1.1637479535991146e-15
galaxy-tidal-restricted-v1,1234,1600,0.6,1,25,12,0,800,76,304,9.975749083202102,7.284921852233523,6.276060023381733,0,0.00125,4.027434005407001e-7,1.2053103805133688e-15
galaxy-tidal-restricted-v1,1234,1600,0.6,1,25,12,0,800,77,308,11.141836143898926,7.345890600499037,6.39568888989386,0,0.0025,3.8181874161055416e-7,9.974982459420982e-16
galaxy-tidal-restricted-v1,1234,1600,0.6,1,25,12,0,800,78,312,12.291459381706861,7.446758394332764,6.559915049404794,0,0.00625,3.372656614009192e-7,7.896861113708278e-16
galaxy-tidal-restricted-v1,1234,1600,0.6,1,25,12,0,800,79,316,13.420605540212728,7.5809783265563455,6.761991359973692,0,0.0075,2.888711468678298e-7,8.312485382850819e-16
galaxy-tidal-restricted-v1,1234,1600,0.6,1,25,12,0,800,80,320,14.527813384798963,7.741717454457031,6.9951609824786445,0,0.00875,2.4429513917094706e-7,6.234364037138114e-16
galaxy-tidal-restricted-v1,1234,1600,0.6,1,25,12,0,800,81,324,15.612942754204598,7.922722761899474,7.253244000974502,0,0.01125,2.0583898680700103e-7,9.559358190278442e-16
galaxy-tidal-restricted-v1,1234,1600,0.6,1,25,12,0,800,82,328,16.676527894095702,8.118690755800145,7.530940962123547,0,0.0125,1.7361450014434156e-7,1.4962473689131474e-15
galaxy-tidal-restricted-v1,1234,1600,0.6,1,25,12,0,800,83,332,17.71943146742857,8.325374373275281,7.823917953289045,0,0.015,1.4694677255630963e-7,1.2468728074276228e-15
galaxy-tidal-restricted-v1,1234,1600,0.6,1,25,12,0,800,84,336,18.742657204755336,8.539488013075841,8.128759684176638,0,0.02,1.2496551735923245e-7,9.974982459420982e-16
galaxy-tidal-restricted-v1,1234,1600,0.6,1,25,12,0,800,85,340,19.747248222287688,8.758546030469144,8.442863966332014,0,0.025,1.0683640953485475e-7,1.0390606728563524e-15
galaxy-tidal-restricted-v1,1234,1600,0.6,1,25,12,0,800,86,344,20.734232512384228,8.98070592240229,8.764318935524846,0,0.04375,9.183757513056677e-8,1.0806230997706064e-15
galaxy-tidal-restricted-v1,1234,1600,0.6,1,25,12,0,800,87,348,21.70459478724809,9.204599551486249,9.091781487350715,0.00125,0.065,7.937240806238599e-8,8.312485382850819e-16
galaxy-tidal-restricted-v1,1234,1600,0.6,1,25,12,0,800,88,352,22.65926316475816,9.429183785028513,9.424365091975448,0.01125,0.0775,6.895855159762197e-8,1.0806230997706064e-15
galaxy-tidal-restricted-v1,1234,1600,0.6,1,25,12,0,800,89,356,23.59910421200521,9.653654502687298,9.761541372134431,0.01875,0.1,6.020992335534622e-8,1.2468728074276228e-15
galaxy-tidal-restricted-v1,1234,1600,0.6,1,25,12,0,800,90,360,24.52492263946829,9.877401358266408,10.10305789144437,0.02875,0.1125,5.281861114362071e-8,7.896861113708278e-16
galaxy-tidal-restricted-v1,1234,1600,0.6,1,25,12,0,800,91,364,25.437463504677755,10.099965637910751,10.448872182838514,0.0425,0.12625,4.6539013618150475e-8,8.312485382850819e-16
galaxy-tidal-restricted-v1,1234,1600,0.6,1,25,12,0,800,92,368,26.337415682535504,10.320989343621012,10.799099130167438,0.05375,0.14625,4.1174760748173925e-8,6.234364037138114e-16
galaxy-tidal-restricted-v1,1234,1600,0.6,1,25,12,0,800,93,372,27.22541588222186,10.540164394862929,11.153967786534379,0.06625,0.16625,3.656826016510096e-8,2.0781213457127047e-16
galaxy-tidal-restricted-v1,1234,1600,0.6,1,25,12,0,800,94,376,28.10205279817982,10.757198878446902,11.513786507691535,0.0775,0.19,3.259246999972822e-8,-4.156242691425409e-17
galaxy-tidal-restricted-v1,1234,1600,0.6,1,25,12,0,800,95,380,28.967871164935115,10.97181038330035,11.87891890423751,0.09125,0.2075,2.914447464783477e-8,1.6624970765701637e-16
galaxy-tidal-restricted-v1,1234,1600,0.6,1,25,12,0,800,96,384,29.823375593830104,11.183744164304391,12.249771634558755,0.0975,0.21875,2.6140465260432195e-8,1.2468728074276227e-16
galaxy-tidal-restricted-v1,1234,1600,0.6,1,25,12,0,800,97,388,30.66903413394376,11.392803832288603,12.626787738869758,0.1025,0.2325,2.3511841394759885e-8,-3.3249941531403274e-16
galaxy-tidal-restricted-v1,1234,1600,0.6,1,25,12,0,800,98,392,31.505281537114058,11.598878861097155,13.010426347644671,0.10875,0.24625,2.1202154666761744e-8,-5.403115498853032e-16
galaxy-tidal-restricted-v1,1234,1600,0.6,1,25,12,0,800,99,396,32.332522228566354,11.801960034470355,13.401092433429946,0.11625,0.25875,1.9164719290640294e-8,-7.896861113708278e-16
galaxy-tidal-restricted-v1,1234,1600,0.6,1,25,12,0,800,100,400,33.1511329965139,12.002142889215369,13.79898784562956,0.1275,0.27375,1.7360729390686488e-8,-7.481236844565737e-16
galaxy-tidal-restricted-v1,1234,1600,0.6,1,25,12,0,800,101,404,33.96146542008835,12.199618959557279,14.20393402269938,0.1325,0.2875,1.575777285021324e-8,-8.312485382850819e-16
galaxy-tidal-restricted-v1,1234,1600,0.6,1,25,12,0,800,102,408,34.76384805744072,12.394653509262914,14.615322625972135,0.13875,0.31,1.4328648604823139e-8,-7.896861113708278e-16
galaxy-tidal-restricted-v1,1234,1600,0.6,1,25,12,0,800,103,412,35.55858841627793,12.587553798128335,15.03229114455998,0.1525,0.33625,1.3050429405357325e-8,-9.974982459420982e-16
galaxy-tidal-restricted-v1,1234,1600,0.6,1,25,12,0,800,104,416,36.345974728359856,12.77863046024201,15.453932478445928,0.15875,0.34375,1.1903703028493225e-8,-1.0806230997706064e-15
galaxy-tidal-restricted-v1,1234,1600,0.6,1,25,12,0,800,105,420,37.126277548124605,12.968159365532511,15.879313742557258,0.16875,0.35375,1.0871965983298407e-8,-1.7040595034844178e-15
galaxy-tidal-restricted-v1,1234,1600,0.6,1,25,12,0,800,106,424,37.89975119396807,13.156370012024164,16.307455164568342,0.175,0.36375,9.941129952890178e-9,-1.9118716380556884e-15
galaxy-tidal-restricted-v1,1234,1600,0.6,1,25,12,0,800,107,428,38.66663504897533,13.343473744113691,16.73740402804959,0.17875,0.37625,9.099120614597863e-9,-1.9949964918841964e-15
galaxy-tidal-restricted-v1,1234,1600,0.6,1,25,12,0,800,108,432,39.42715473620333,13.529711286558701,17.168328615268944,0.18,0.3875,8.335556577048173e-9,-2.0781213457127048e-15
galaxy-tidal-restricted-v1,1234,1600,0.6,1,25,12,0,800,109,436,40.18152318200828,13.715390012574066,17.599622692831936,0.1825,0.395,7.641475935035453e-9,-1.870309211141434e-15
galaxy-tidal-restricted-v1,1234,1600,0.6,1,25,12,0,800,110,440,40.92994157942916,13.900887819716814,18.03100654954586,0.18375,0.3975,7.009115918222104e-9,-2.1612461995412128e-15
galaxy-tidal-restricted-v1,1234,1600,0.6,1,25,12,0,800,111,444,41.67260026229327,14.086600686126575,18.462491648192238,0.1875,0.4075,6.431730634066896e-9,-2.285933480283975e-15
galaxy-tidal-restricted-v1,1234,1600,0.6,1,25,12,0,800,112,448,42.40967949950064,14.272824289530767,18.894234814608723,0.18875,0.41625,5.903441071802566e-9,-2.4106207610267375e-15
galaxy-tidal-restricted-v1,1234,1600,0.6,1,25,12,0,800,113,452,43.14135021786647,14.45964544755243,19.326419089273585,0.195,0.4225,5.4191082010390755e-9,-2.659995322512262e-15
galaxy-tidal-restricted-v1,1234,1600,0.6,1,25,12,0,800,114,456,43.86777466094373,14.646991787938733,19.759152690608094,0.2,0.44125,4.974225355569759e-9,-2.5353080417694995e-15
galaxy-tidal-restricted-v1,1234,1600,0.6,1,25,12,0,800,115,460,44.58910699040269,14.834792781413563,20.192353808364295,0.205,0.445,4.564828354802332e-9,-2.701557749426516e-15
galaxy-tidal-restricted-v1,1234,1600,0.6,1,25,12,0,800,116,464,45.30549383579777,15.023036277206371,20.625682837933304,0.20875,0.45,4.187424791348331e-9,-2.74312017634077e-15
galaxy-tidal-restricted-v1,1234,1600,0.6,1,25,12,0,800,117,468,46.01707479789465,15.211662665589062,21.058596034564783,0.20625,0.46,3.838926056635184e-9,-3.4496814338830895e-15
galaxy-tidal-restricted-v1,1234,1600,0.6,1,25,12,0,800,118,472,46.723982910151776,15.400418072029879,21.49052092372828,0.2075,0.465,3.5165951994317416e-9,-3.3249941531403275e-15
galaxy-tidal-restricted-v1,1234,1600,0.6,1,25,12,0,800,119,476,47.426345062440674,15.58882068034673,21.92101474144208,0.20875,0.46875,3.218002998441725e-9,-3.4081190069688355e-15
galaxy-tidal-restricted-v1,1234,1600,0.6,1,25,12,0,800,120,480,48.12428239064089,15.776260560614885,22.349751435148104,0.215,0.47,2.940985463430704e-9,-2.8262450301692783e-15
galaxy-tidal-restricted-v1,1234,1600,0.6,1,25,12,0,800,121,484,48.81791063535008,15.96219068352556,22.776376677356236,0.22,0.4725,2.6836118122657594e-9,-1.9118716380556884e-15
galaxy-tidal-restricted-v1,1234,1600,0.6,1,25,12,0,800,122,488,49.50734047260151,16.146324052506813,23.200415861952028,0.2225,0.47375,2.4441557812000833e-9,-2.0365589187984504e-15
galaxy-tidal-restricted-v1,1234,1600,0.6,1,25,12,0,800,123,492,50.19267781917356,16.328645755091458,23.621298519069796,0.22625,0.47375,2.2210712802804543e-9,-1.787184357312926e-15
galaxy-tidal-restricted-v1,1234,1600,0.6,1,25,12,0,800,124,496,50.87402411480447,16.50926958455058,24.03839523500257,0.22875,0.47625,2.0129690011104093e-9,-2.2028086264554668e-15
galaxy-tidal-restricted-v1,1234,1600,0.6,1,25,12,0,800,125,500,51.55147658338543,16.688303028026734,24.45106449939217,0.23,0.4775,1.8186006434589966e-9,-2.618432895598008e-15
galaxy-tidal-restricted-v1,1234,1600,0.6,1,25,12,0,800,126,504,52.22512847499275,16.86580813331136,24.858781028541404,0.23,0.48,1.6368402252802072e-9,-3.0340571647405487e-15
galaxy-tidal-restricted-v1,1234,1600,0.6,1,25,12,0,800,127,508,52.89506929043121,17.041854242303334,25.261276056297998,0.23,0.48375,1.4666719401778263e-9,-3.3665565800545815e-15
galaxy-tidal-restricted-v1,1234,1600,0.6,1,25,12,0,800,128,512,53.56138498979382,17.21658471350524,25.6585594386005,0.23,0.48375,1.3071770625145887e-9,-3.574368714625852e-15
galaxy-tidal-restricted-v1,1234,1600,0.6,1,25,12,0,800,129,516,54.22415818639415,17.390207836769484,26.050823527724514,0.23125,0.48375,1.1575229953216526e-9,-3.4496814338830895e-15
galaxy-tidal-restricted-v1,1234,1600,0.6,1,25,12,0,800,130,520,54.8834683272958,17.562900235693352,26.438332912516103,0.22875,0.48375,1.0169548181417822e-9,-3.158744445483311e-15
galaxy-tidal-restricted-v1,1234,1600,0.6,1,25,12,0,800,131,524,55.53939186154527,17.73471360497531,26.821386976265277,0.23125,0.485,8.847850492055949e-10,-3.3665565800545815e-15
galaxy-tidal-restricted-v1,1234,1600,0.6,1,25,12,0,800,132,528,56.19200239710941,17.905576410188164,27.200317754934094,0.23125,0.48375,7.603900740976953e-10,-2.9509323109120407e-15
galaxy-tidal-restricted-v1,1234,1600,0.6,1,25,12,0,800,133,532,56.841370847425004,18.075366119345958,27.57545490267745,0.23,0.48375,6.431987770105314e-10,-3.241869299311819e-15
galaxy-tidal-restricted-v1,1234,1600,0.6,1,25,12,0,800,134,536,57.487565568383495,18.243933691560766,27.947083799555944,0.23,0.4825,5.32691885999853e-10,-3.740618422282868e-15
galaxy-tidal-restricted-v1,1234,1600,0.6,1,25,12,0,800,135,540,58.130652486499,18.411084718800694,28.31544389181881,0.22875,0.48,4.2839542553928844e-10,-3.574368714625852e-15
galaxy-tidal-restricted-v1,1234,1600,0.6,1,25,12,0,800,136,544,58.770695218939785,18.576594675625973,28.68073663981199,0.22875,0.48,3.298733357636867e-10,-3.65749356845436e-15
galaxy-tidal-restricted-v1,1234,1600,0.6,1,25,12,0,800,137,548,59.40775518604305,18.740234896062972,29.043105480902902,0.22875,0.48,2.367266986801126e-10,-3.0756195916548027e-15
galaxy-tidal-restricted-v1,1234,1600,0.6,1,25,12,0,800,138,552,60.041891716878006,18.9018105691886,29.402640847792142,0.23,0.48,1.4859034540067353e-10,-2.8262450301692783e-15
galaxy-tidal-restricted-v1,1234,1600,0.6,1,25,12,0,800,139,556,60.673162148373,19.061232880418334,29.759449471108226,0.23,0.48,6.512636821932753e-11,-2.8262450301692783e-15
galaxy-tidal-restricted-v1,1234,1600,0.6,1,25,12,0,800,140,560,61.30162191847836,19.218554576916574,30.113705816824677,0.23,0.48,-1.3972843754329505e-11,-2.74312017634077e-15
galaxy-tidal-restricted-v1,1234,1600,0.6,1,25,12,0,800,141,564,61.92732465379658,19.37393429408405,30.46562654143454,0.22875,0.48125,-8.899258057403347e-11,-1.82874678422718e-15
galaxy-tidal-restricted-v1,1234,1600,0.6,1,25,12,0,800,142,568,62.55032225207464,19.52758116465462,30.815425163533252,0.22875,0.48125,-1.6019545432346533e-10,-1.1221855266848606e-15
galaxy-tidal-restricted-v1,1234,1600,0.6,1,25,12,0,800,143,572,63.170664959921424,19.67971435003491,31.16329827954008,0.22875,0.48125,-2.2782562519466026e-10,-4.987491229710491e-16
galaxy-tidal-restricted-v1,1234,1600,0.6,1,25,12,0,800,144,576,63.78840144608295,19.830546157432625,31.509426438491154,0.225,0.48125,-2.921065991654564e-10,-5.818739767995573e-16
galaxy-tidal-restricted-v1,1234,1600,0.6,1,25,12,0,800,145,580,64.40357887058093,19.980279279615175,31.853947708608157,0.22375,0.48125,-3.5324497790005516e-10,-1.2468728074276228e-15
galaxy-tidal-restricted-v1,1234,1600,0.6,1,25,12,0,800,146,584,65.01624294999652,20.129090608506022,32.19692441529868,0.22375,0.48125,-4.114330777271903e-10,-1.5793722227416556e-15
galaxy-tidal-restricted-v1,1234,1600,0.6,1,25,12,0,800,147,588,65.62643801915806,20.277085047149857,32.53836983193959,0.22375,0.48125,-4.668497034291322e-10,-9.974982459420982e-16
galaxy-tidal-restricted-v1,1234,1600,0.6,1,25,12,0,800,148,592,66.23420708947177,20.424246985087514,32.87829355108724,0.22125,0.48,-5.196592554082216e-10,-6.649988306280655e-16
galaxy-tidal-restricted-v1,1234,1600,0.6,1,25,12,0,800,149,596,66.83959190411574,20.570454368226375,33.216759361842016,0.22125,0.48,-5.700153605429672e-10,8.312485382850819e-17
galaxy-tidal-restricted-v1,1234,1600,0.6,1,25,12,0,800,150,600,67.44263299030096,20.715571154234382,33.55391445652281,0.22125,0.47875,-6.180615269325882e-10,-8.312485382850819e-17
galaxy-tidal-restricted-v1,1234,1600,0.6,1,25,12,0,800,151,604,68.04336970878728,20.859537945755083,33.88990313945118,0.22,0.47875,-6.639294177523116e-10,3.3249941531403274e-16
galaxy-tidal-restricted-v1,1234,1600,0.6,1,25,12,0,800,152,608,68.64184030082866,21.002398985392368,34.22476618296076,0.21875,0.47875,-7.07742601153933e-10,7.481236844565737e-16
galaxy-tidal-restricted-v1,1234,1600,0.6,1,25,12,0,800,153,612,69.23808193270862,21.14427668219262,34.55841392001001,0.2175,0.4775,-7.496168478769717e-10,1.5378097958274014e-15
galaxy-tidal-restricted-v1,1234,1600,0.6,1,25,12,0,800,154,616,69.83213073801586,21.2853233649091,34.89063103864423,0.21625,0.47625,-7.896601312486709e-10,1.2053103805133688e-15
galaxy-tidal-restricted-v1,1234,1600,0.6,1,25,12,0,800,155,620,70.42402185779817,21.425694633360585,35.22110167844339,0.21625,0.47625,-8.279714962616067e-10,1.5378097958274014e-15
galaxy-tidal-restricted-v1,1234,1600,0.6,1,25,12,0,800,156,624,71.01378947872348,21.565533575545523,35.549440805565894,0.21625,0.47625,-8.646461189633325e-10,1.2884352343418768e-15
galaxy-tidal-restricted-v1,1234,1600,0.6,1,25,12,0,800,157,628,71.60146686936795,21.704906472581914,35.875210992507085,0.215,0.47625,-8.9977108037797e-10,1.2468728074276228e-15
galaxy-tidal-restricted-v1,1234,1600,0.6,1,25,12,0,800,158,632,72.18708641474198,21.8437130819773,36.1979550764261,0.21,0.47625,-9.334284616622274e-10,1.2053103805133688e-15
galaxy-tidal-restricted-v1,1234,1600,0.6,1,25,12,0,800,159,636,72.77067964915776,21.98165322949517,36.51728968204293,0.21,0.475,-9.656956417165544e-10,5.818739767995573e-16
galaxy-tidal-restricted-v1,1234,1600,0.6,1,25,12,0,800,160,640,73.35227728753485,22.118338298006787,36.83299695688944,0.20875,0.47375,-9.966439876960586e-10,4.57186696056795e-16
galaxy-tidal-restricted-v1,1234,1600,0.6,1,25,12,0,800,161,644,73.93190925523352,22.253499021105977,37.145029029292814,0.20875,0.47375,-1.0263409978108246e-9,4.987491229710491e-16
galaxy-tidal-restricted-v1,1234,1600,0.6,1,25,12,0,800,162,648,74.50960471649984,22.387090776558477,37.453475233064765,0.20625,0.47375,-1.054850777503764e-9,4.57186696056795e-16
galaxy-tidal-restricted-v1,1234,1600,0.6,1,25,12,0,800,163,652,75.08539210160059,22.51920529151205,37.75854870175235,0.205,0.47375,-1.082231479994676e-9,8.72810965199336e-16
galaxy-tidal-restricted-v1,1234,1600,0.6,1,25,12,0,800,164,656,75.65929913272137,22.649898565086538,38.06058984491264,0.20375,0.47375,-1.1085413180255917e-9,8.72810965199336e-16
galaxy-tidal-restricted-v1,1234,1600,0.6,1,25,12,0,800,165,660,76.2313528486957,22.779115367238365,38.36004045007813,0.20125,0.4725,-1.1338322545042748e-9,6.234364037138114e-16
galaxy-tidal-restricted-v1,1234,1600,0.6,1,25,12,0,800,166,664,76.80157962862972,22.90671696170536,38.657352861763705,0.20125,0.47,-1.1581528595713154e-9,7.896861113708278e-16
galaxy-tidal-restricted-v1,1234,1600,0.6,1,25,12,0,800,167,668,77.3700052144816,23.03253398179109,38.95289486088147,0.2,0.47,-1.181550870056068e-9,1.0390606728563524e-15
galaxy-tidal-restricted-v1,1234,1600,0.6,1,25,12,0,800,168,672,77.9366547326524,23.156446528644015,39.24688828443201,0.1975,0.47,-1.2040694395760912e-9,1.2884352343418768e-15
galaxy-tidal-restricted-v1,1234,1600,0.6,1,25,12,0,800,169,676,78.5015527146403,23.278426728678074,39.53938468961012,0.19625,0.47,-1.2257508289154769e-9,1.371560088170385e-15
galaxy-tidal-restricted-v1,1234,1600,0.6,1,25,12,0,800,170,680,79.06472311680768,23.398527637487305,39.830353489959776,0.19625,0.47,-1.2466337870466813e-9,1.2884352343418768e-15
galaxy-tidal-restricted-v1,1234,1600,0.6,1,25,12,0,800,171,684,79.62618933930747,23.516910125603058,40.11983080997988,0.19625,0.47,-1.2667546820529158e-9,1.5793722227416556e-15
galaxy-tidal-restricted-v1,1234,1600,0.6,1,25,12,0,800,172,688,80.18597424421179,23.633871275515062,40.407952126846574,0.195,0.47,-1.2861496439284675e-9,1.4546849419988932e-15
galaxy-tidal-restricted-v1,1234,1600,0.6,1,25,12,0,800,173,692,80.74410017288399,23.749778007168597,40.69488930720476,0.195,0.46875,-1.3048507551559073e-9,1.7040595034844178e-15
galaxy-tidal-restricted-v1,1234,1600,0.6,1,25,12,0,800,174,696,81.3005889626322,23.865003433212255,40.98081572967997,0.19375,0.46875,-1.3228898006066513e-9,1.4131225150846392e-15
galaxy-tidal-restricted-v1,1234,1600,0.6,1,25,12,0,800,175,700,81.85546196268052,23.979923178272227,41.26594717964367,0.19125,0.4675,-1.340296243785101e-9,1.1221855266848606e-15
galaxy-tidal-restricted-v1,1234,1600,0.6,1,25,12,0,800,176,704,82.40874004949197,24.09482841799288,41.55062036014353,0.19125,0.46625,-1.35709692921749e-9,9.1437339211359e-16
galaxy-tidal-restricted-v1,1234,1600,0.6,1,25,12,0,800,177,708,82.96044364147475,24.209800080021722,41.83531276006859,0.19125,0.4675,-1.3733189395189752e-9,8.312485382850819e-16
galaxy-tidal-restricted-v1,1234,1600,0.6,1,25,12,0,800,178,712,83.5105927131024,24.32470146412362,42.120552848989085,0.19125,0.46875,-1.3889876311600124e-9,6.234364037138114e-16
galaxy-tidal-restricted-v1,1234,1600,0.6,1,25,12,0,800,179,716,84.05920680847584,24.43926764593625,42.40680700397994,0.1925,0.4675,-1.404126634466354e-9,3.7406184222828684e-16
galaxy-tidal-restricted-v1,1234,1600,0.6,1,25,12,0,800,180,720,84.60630505435445,24.55321176967656,42.694424806020756,0.19375,0.465,-1.418758746452517e-9,5.403115498853032e-16
galaxy-tidal-restricted-v1,1234,1600,0.6,1,25,12,0,800,181,724,85.15190617268114,24.666299951302783,42.98358067840661,0.19375,0.46125,-1.4329040856326188e-9,1.2053103805133688e-15
galaxy-tidal-restricted-v1,1234,1600,0.6,1,25,12,0,800,182,728,85.69602849262523,24.778379893762676,43.27421128479544,0.19375,0.46125,-1.4465838419209364e-9,9.559358190278442e-16
galaxy-tidal-restricted-v1,1234,1600,0.6,1,25,12,0,800,183,732,86.23868996216628,24.88940206252297,43.566042440333334,0.19375,0.46125,-1.4598185504872044e-9,4.57186696056795e-16
galaxy-tidal-restricted-v1,1234,1600,0.6,1,25,12,0,800,184,736,86.77990815923944,24.99943929565687,43.85869145660602,0.1975,0.46,-1.4726244609005175e-9,4.57186696056795e-16
galaxy-tidal-restricted-v1,1234,1600,0.6,1,25,12,0,800,185,740,87.3197003024627,25.108655948121918,44.151776511939396,0.1975,0.45875,-1.4850201440969833e-9,3.7406184222828684e-16
galaxy-tidal-restricted-v1,1234,1600,0.6,1,25,12,0,800,186,744,87.85808326146548,25.217233930905262,44.444984898291196,0.1975,0.45875,-1.4970223853457768e-9,-1.6624970765701637e-16
galaxy-tidal-restricted-v1,1234,1600,0.6,1,25,12,0,800,187,748,88.39507356683596,25.325359355409685,44.738085015698275,0.19875,0.46,-1.508645767593521e-9,-4.1562426914254094e-16
galaxy-tidal-restricted-v1,1234,1600,0.6,1,25,12,0,800,188,752,88.93068741970491,25.4332764481829,45.03093302359521,0.20125,0.46,-1.5199061237536927e-9,-5.818739767995573e-16
galaxy-tidal-restricted-v1,1234,1600,0.6,1,25,12,0,800,189,756,89.46494070098139,25.54129228054054,45.32350240229435,0.2,0.46,-1.530817977250684e-9,-6.649988306280655e-16
galaxy-tidal-restricted-v1,1234,1600,0.6,1,25,12,0,800,190,760,89.9978489802567,25.64970577273791,45.615860597456674,0.1975,0.46,-1.5413939467974913e-9,-1.4131225150846392e-15
galaxy-tidal-restricted-v1,1234,1600,0.6,1,25,12,0,800,191,764,90.52942752439012,25.758766297236114,45.908040382380385,0.195,0.46,-1.5516477225072712e-9,-1.5378097958274014e-15
galaxy-tidal-restricted-v1,1234,1600,0.6,1,25,12,0,800,192,768,91.05969130579064,25.868677059039356,46.19990201585863,0.1925,0.46125,-1.5615914469151712e-9,-1.787184357312926e-15
galaxy-tidal-restricted-v1,1234,1600,0.6,1,25,12,0,800,193,772,91.58865501040823,25.979570484981224,46.4911538438209,0.19,0.46125,-1.5712373816008012e-9,-2.369058334112483e-15
galaxy-tidal-restricted-v1,1234,1600,0.6,1,25,12,0,800,194,776,92.11633304544628,26.09145688738306,46.78155104441297,0.19125,0.46125,-1.5805957048656817e-9,-1.745621930398672e-15
galaxy-tidal-restricted-v1,1234,1600,0.6,1,25,12,0,800,195,780,92.64273954680752,26.20421154008748,47.07106945361928,0.1925,0.46,-1.5896777259337247e-9,-1.82874678422718e-15
galaxy-tidal-restricted-v1,1234,1600,0.6,1,25,12,0,800,196,784,93.16788838628425,26.31763490801632,47.35985981785718,0.19,0.46,-1.5984945159399178e-9,-2.4937456148552455e-15
galaxy-tidal-restricted-v1,1234,1600,0.6,1,25,12,0,800,197,788,93.69179317850443,26.431548212493183,47.64807277387074,0.18875,0.45875,-1.607055419874546e-9,-3.574368714625852e-15
galaxy-tidal-restricted-v1,1234,1600,0.6,1,25,12,0,800,198,792,94.21446728764245,26.545860849232216,47.935727217767756,0.1875,0.45875,-1.6153694851167386e-9,-4.4471796798251875e-15
galaxy-tidal-restricted-v1,1234,1600,0.6,1,25,12,0,800,199,796,94.73592383390533,26.66056593104951,48.22267761325692,0.18375,0.45625,-1.6234464137901678e-9,-5.694052487252811e-15
galaxy-tidal-restricted-v1,1234,1600,0.6,1,25,12,0,800,200,800,95.256175699803,26.77567853192426,48.50869970677067,0.18375,0.4525,-1.631293824740416e-9,-5.9434270487383355e-15
