upstream_path,upstream_git_blob,imported_git_blob,import_status
.clang-format,ac36db94706019ccc249e5c4f6ff84d4cc6ec157,,not-imported
.github/workflows/cmake.yml,61a8c140b87102ef146fdba7e7eec4ccbe311e85,,not-imported
.github/workflows/codeql-analysis.yml,f8c45fac00cfb532f39f4d952e2ac36a4a5f690c,,not-imported
.gitignore,d82a060b01304556b4a242bf2711251dfbd8228f,,not-imported
.gitlab-ci.yml,f9c43714173f9074b247426feb62bb7a834cd9f0,,not-imported
CHANGELOG.md,e9dea62b4a3c1b7a4fabafe57f63f80dbca6a17c,,not-imported
CMakeLists.txt,e57ca468b2f4bae1686dddef847c874b21237509,e7136121d64bbb8667337932cc0a49654ab3c504,modified
LICENSE,9c6168a5e7ab8e19bba30eaa58f867e023d454cb,9c6168a5e7ab8e19bba30eaa58f867e023d454cb,identical
QMAKE.md,f73caff9aacc49793a222b29c2b96728bbf740d3,,not-imported
README.md,ebe9d996b294f90da3743e56fb5244cc1ec71b64,,not-imported
all.pro,3d5feebd8bf0dfd6d310b18d534d0fb73fb29d8e,,not-imported
bench.pro,81fa39b99663a0fddc1531ce57658e15844944e4,,not-imported
bench/.clang-format,c7cf9b90dbafe8a253a8fbe988e02a16eed20e19,,not-imported
bench/.gitignore,fab7372d796ea95c80d02df6caa7eb2b411a7ac1,,not-imported
bench/Common.h,e7c01ce1f4483aa283e172afedd2b1195d988439,,not-imported
bench/Session.cpp,48e9f98f175843d9280a7811f970e63ab81c793a,,not-imported
bench/Session.h,5f4bfc45718e9fe43a954d377eb114f278601353,,not-imported
bench/Stats.h,60b97e823314251cca4461d9fbb06ee14d836989,,not-imported
bench/bench.pro,868c40fcd9faa1cde13eb8d5e9c33dbb0695fc0f,,not-imported
bench/main.cpp,3d0f6f55afd4699709f7acb58c680054cc042838,,not-imported
bench/make_plots.sh,48793ab689b4d76e31730d1eaa3b65335905ac4f,,not-imported
cli.pro,33031735e0a93cc772d20585525f62eccdc63142,,not-imported
cli/batch/Batch.cpp,87736681f6bc913044f5120cf45394b7e6974529,,not-imported
cli/batch/batch.pro,b5eeca3b818dbd8fd010d92e5faed785fc965527,,not-imported
cli/impact/Impact.cpp,253cc0682d90f8005ea432be9d43f1324ba30158,,not-imported
cli/impact/impact.pro,60f57700af6c6be3d9b9caae22bf17175a043c64,,not-imported
cli/info/CMakeLists.txt,5ff651f338809b94b1d521726398cc2420318174,,not-imported
cli/info/Info.cpp,c1a22878688b36c68f9b5a6afbeff6d32fa74129,,not-imported
cli/info/info.pro,e2c679c4ab678650548ddf0aac7a789ccd5485b9,,not-imported
cli/launcher/CMakeLists.txt,cfabad98bcd2754591d18a885e24eeda10a02b53,,not-imported
cli/launcher/Launcher.cpp,0c1742f29225b8b40699fbc3e2455fddb798bce3,,not-imported
cli/launcher/launcher.pro,6af4f4eca0b23da3b1c8171bb17d36c9f877ac27,,not-imported
cli/meshtossf/MeshToSsf.cpp,42b5102e4b0ff2b74e54e13a125be4286fcbb79d,,not-imported
cli/meshtossf/meshtossf.pro,b33f704ee44bdc511bbd9ea1027c35572dbc5463,,not-imported
cli/problems/Common.cpp,bc6db84338e60fbc8871063c6ab36e28245c405a,,not-imported
cli/problems/Common.h,a9b2e4f56126e29cd7636a0630efb824d76c626b,,not-imported
cli/problems/boundary/Boundary.cpp,74c8faaadb19db43d91468a0b3ac38a7f5e5491c,,not-imported
cli/problems/cliff_collapse/CliffCollapse.cpp,42e185a539fd07ee6991eeb69458ac1077b777c9,,not-imported
cli/problems/collision/Collision.cpp,725f616cabaaac74a003ba05d13eb86b530349bf,,not-imported
cli/problems/elastic_bands/ElasticBands.cpp,a197ec72fbda36738a7552fd1f1d62526c4d99ce,,not-imported
cli/problems/galaxy/Galaxy.cpp,b8015fb73d5af4c3b72c5162d58d25311f6fc02a,,not-imported
cli/problems/kelvin_helmholtz/KelvinHelmholtz.cpp,69c3c3ea7c05a554c6226dc1e2af471cd683c299,,not-imported
cli/problems/main.cpp,0c7c351f437f5f43f3bb62beb254a9f1ecbec5a0,,not-imported
cli/problems/problems.pro,4bfcf8a3e9b0596b11a9a26c2d83aa356957dae4,,not-imported
cli/problems/reference/bands_0004.ssf,bc3a13f7040f871ffd0e11cb7fa73f2381bfe8d4,,not-imported
cli/problems/reference/bands_0009.ssf,d5632e8b6eba9c3d507cc0f078026a33876cda8e,,not-imported
cli/problems/reference/cliff_0004.ssf,b26b7358c1118f92d1483c8051fd266fd3b906b4,,not-imported
cli/problems/reference/cliff_0009.ssf,36f211cdbfa7a9da0f7ed9af756ba441ccce4eb4,,not-imported
cli/problems/reference/collision_0004.ssf,49ec32a9cbd603a821ed313f782738889bde8091,,not-imported
cli/problems/reference/collision_0009.ssf,5c24fb8e30a861ab9fc7a01a2c6e3eb97de2efc0,,not-imported
cli/problems/rotating_rod/RotatingRod.cpp,e36e93dd262235bb0157680920b838ca7f5acfd2,,not-imported
cli/problems/sedov/Sedov.cpp,4b8174db56e3bd82881180884b7ef4bd7afa10d4,,not-imported
cli/problems/sod/Sod.cpp,fd449c82413391824708a092dce666f42236b6e8,,not-imported
cli/problems/sod/Solution.cpp,c889d27ad87d8bd550570ebe929995e5e11f59f8,,not-imported
cli/problems/sod/Solution.h,6129cce1332439c8487eb46530a73e88ef19d30d,,not-imported
cli/problems/sod/makemovie,d6f4f5197db7d399b02384bffefa69678b47ee00,,not-imported
cli/problems/sod/sod.plt,7a2c9af1e9c2634d6ef0f51aacc43796cb3fcb80,,not-imported
cli/problems/wave/SoundWave.cpp,59600bfe5d27d6b33e118b1e8bef13c869910683,,not-imported
cli/problems/wave/wave.plt,292767f3656fadacdd27cb3323afd614bc4efb7b,,not-imported
cli/sandbox/Sandbox.cpp,2c0b0b43cff09e02ac3c528870499f184fd251e2,,not-imported
cli/sandbox/sandbox.pro,2c1074efd9d060de4f1726f576512e49d829bc61,,not-imported
cli/ssftoscf/SsfToScf.cpp,c043f0427972e7a58b6fda53b0805b818ee0d530,,not-imported
cli/ssftoscf/ssftoscf.pro,905b9f6ee2a26a1fff393d8f66ab08fa634bff44,,not-imported
cli/ssftotxt/CMakeLists.txt,51868cd0a4cc2062ba7e77be887949acc917b361,,not-imported
cli/ssftotxt/SsfToTxt.cpp,103cd0e098a4d81c299da4e48a434e6d27dcb466,,not-imported
cli/ssftotxt/ssftotxt.pro,92fc37045bf06596bcda11d5cd496814c7816ef8,,not-imported
cli/ssftovdb/SsfToVdb.cpp,38873b7a816e5d1410c0e182f7f87d60f97d40be,,not-imported
cli/ssftovdb/ssftovdb.pro,0b28c89491b73ce88488295e6bd5b2b127f40b56,,not-imported
cmake/FindBlosc.cmake,a705089800ca4c97f2743b3415dccecaf2749be5,,not-imported
cmake/FindEigen.cmake,e1fb6abe2f0e4659f3f2563470eaaaf1aa9775dc,,not-imported
cmake/FindIlmBase.cmake,613061939a4f20683217b9bb63ad8329ba93f0b2,,not-imported
cmake/FindOpenVDB.cmake,1dc5bc0953bbd90cd25eb160f6615c7580f742db,,not-imported
cmake/FindTBB.cmake,d82569b58989e4337e31074f99aa5f171cd76cec,,not-imported
cmake/OpenVDBUtils.cmake,26c6f1b57bfa8551361b814752b02a4990c4b665,,not-imported
control,059a797a8f8af984844d589e158dde82c0cea7bc,,not-imported
core/CMakeLists.txt,4bcf449504fde8b201d378ccb31eb07ab47bf298,4bcf449504fde8b201d378ccb31eb07ab47bf298,identical
core/Sph.h,b6c7d95824d1b95d5af8a42c8a6d94f2bbd22208,b6c7d95824d1b95d5af8a42c8a6d94f2bbd22208,identical
core/common/Assert.cpp,1c62cf5a60121c384a89b629f21f9b490c264d1a,1c62cf5a60121c384a89b629f21f9b490c264d1a,identical
core/common/Assert.h,bb6ee5b949cd1ae48e3a437041683d61ea51ad05,bb6ee5b949cd1ae48e3a437041683d61ea51ad05,identical
core/common/ForwardDecl.h,de85dca1dea2690346633ae749b3151ea94af3d6,de85dca1dea2690346633ae749b3151ea94af3d6,identical
core/common/Globals.h,37efcd6165711aea32145d4e13e7840a6e72f287,37efcd6165711aea32145d4e13e7840a6e72f287,identical
core/common/Traits.h,024b229e935feb3190aaf0b667c8a1d7db8a552f,024b229e935feb3190aaf0b667c8a1d7db8a552f,identical
core/common/VersionHelper.h,f4c140fd4d005f7ac3fd8e29989f54d932716e31,f4c140fd4d005f7ac3fd8e29989f54d932716e31,identical
core/common/test/Traits.cpp,99faeb1ca3376cc2bb995d17a83f3029eb2f57b2,99faeb1ca3376cc2bb995d17a83f3029eb2f57b2,identical
core/core.pro,898e0ea4c8930956bc9637b58d71549ff740f1ee,898e0ea4c8930956bc9637b58d71549ff740f1ee,identical
core/gravity/AggregateSolver.cpp,7724c996eca1ddccd50bce5f4866c48168529fd9,7724c996eca1ddccd50bce5f4866c48168529fd9,identical
core/gravity/AggregateSolver.h,54ddeca12aa802369d2cab668f50ffb7adaa382f,54ddeca12aa802369d2cab668f50ffb7adaa382f,identical
core/gravity/BarnesHut.cpp,c99bdbf6a73fab718da3f9acbb71c1eb302066a5,c99bdbf6a73fab718da3f9acbb71c1eb302066a5,identical
core/gravity/BarnesHut.h,25d2d0d61f50359d376becf43fb49f1df2818117,25d2d0d61f50359d376becf43fb49f1df2818117,identical
core/gravity/BruteForceGravity.h,4fd92264cd5f51fe649c45fb808a32bf38203aa2,4fd92264cd5f51fe649c45fb808a32bf38203aa2,identical
core/gravity/CachedGravity.h,16da287c34e014f343346646e9c672b30ff7afaf,16da287c34e014f343346646e9c672b30ff7afaf,identical
core/gravity/Collision.h,ab02e743c389fbcef0eef0a039ea07be5b8c31dd,ab02e743c389fbcef0eef0a039ea07be5b8c31dd,identical
core/gravity/Handoff.cpp,79ec6c54424af4ef83bd0bc0c4d1882afae5398a,79ec6c54424af4ef83bd0bc0c4d1882afae5398a,identical
core/gravity/Handoff.h,923871cd0531cbe3c3c39952c7b2f40444365ddd,923871cd0531cbe3c3c39952c7b2f40444365ddd,identical
core/gravity/IGravity.h,5b966dbe0854447eafe3baef1b558a80610865a4,5b966dbe0854447eafe3baef1b558a80610865a4,identical
core/gravity/Moments.h,c95c5fae99edaa9400ff300da7b4749241b738f3,c95c5fae99edaa9400ff300da7b4749241b738f3,identical
core/gravity/NBodySolver.cpp,5a3ea4a595a4264d8cebcb11cd5fef2fa5bb6bdf,5a3ea4a595a4264d8cebcb11cd5fef2fa5bb6bdf,identical
core/gravity/NBodySolver.h,401ef4892ab27452c9d0f8418dce364ffb0e31e8,401ef4892ab27452c9d0f8418dce364ffb0e31e8,identical
core/gravity/SphericalGravity.h,8348953c83f43825b71945e949898c50c0911412,8348953c83f43825b71945e949898c50c0911412,identical
core/gravity/SymmetricGravity.h,284030b2c24ad530066ed23798137147c443f02f,284030b2c24ad530066ed23798137147c443f02f,identical
core/gravity/benchmark/Gravity.cpp,69d8f336bbdf7cc5c9dae84d9db9acc18103abe8,69d8f336bbdf7cc5c9dae84d9db9acc18103abe8,identical
core/gravity/benchmark/NBodySolver.cpp,fff7427812774566cfbd46ea0b09e725bebf5a05,fff7427812774566cfbd46ea0b09e725bebf5a05,identical
core/gravity/test/BarnesHut.cpp,c967a5af949c59c3a102704ab72ee885fe82d0b9,c967a5af949c59c3a102704ab72ee885fe82d0b9,identical
core/gravity/test/BruteForceGravity.cpp,36362eb6ef2d10f824f7d1e914682124a81e45a2,36362eb6ef2d10f824f7d1e914682124a81e45a2,identical
core/gravity/test/CachedGravity.cpp,c455b7453501150c3e3a14fc891aafcabd369cda,c455b7453501150c3e3a14fc891aafcabd369cda,identical
core/gravity/test/Moments.cpp,08dfe7d6bdf9e59bf30775345c1d508cdb4a91fd,08dfe7d6bdf9e59bf30775345c1d508cdb4a91fd,identical
core/gravity/test/NBodySolver.cpp,173d5f01bd9aad998653aa50ebac880145c0cc6d,173d5f01bd9aad998653aa50ebac880145c0cc6d,identical
core/io/Column.h,201cbf613386b5adeda6f6998d197bad4f782673,201cbf613386b5adeda6f6998d197bad4f782673,identical
core/io/FileManager.cpp,268260e6680d99dd545b909496d580b451849239,268260e6680d99dd545b909496d580b451849239,identical
core/io/FileManager.h,7478495723c5b2b1290f1e27ae650e1209780b25,7478495723c5b2b1290f1e27ae650e1209780b25,identical
core/io/FileSystem.cpp,f74e34d78becba6d31fe2bdef8218b55aaefc66e,f74e34d78becba6d31fe2bdef8218b55aaefc66e,identical
core/io/FileSystem.h,1c652e6175c5a460f5e50eb0156b206342130889,1c652e6175c5a460f5e50eb0156b206342130889,identical
core/io/LogWriter.cpp,7ac251f2692bbdbc6a6f286c9f13659b42396278,7ac251f2692bbdbc6a6f286c9f13659b42396278,identical
core/io/LogWriter.h,d8468411ddf8de392e6758b4ad1fd186ef96ca24,d8468411ddf8de392e6758b4ad1fd186ef96ca24,identical
core/io/Logger.cpp,2815e7222e69c58f9a02b1a1fbe337e3f26c1e0e,2815e7222e69c58f9a02b1a1fbe337e3f26c1e0e,identical
core/io/Logger.h,234a9834c60f39d3af6c858abd4d27a2ea2ca46a,234a9834c60f39d3af6c858abd4d27a2ea2ca46a,identical
core/io/Output.cpp,f3437df9321d94f2446d78eaafd4427d8728bcb0,f3437df9321d94f2446d78eaafd4427d8728bcb0,identical
core/io/Output.h,39e40f5021f6d4368d3a234ef0c4bf19b5de754d,39e40f5021f6d4368d3a234ef0c4bf19b5de754d,identical
core/io/Path.cpp,87611d5877843a3258431a16e381a6d0e5defebf,87611d5877843a3258431a16e381a6d0e5defebf,identical
core/io/Path.h,8915fa05e7b626aaa0c186f79a2f18841117df6b,8915fa05e7b626aaa0c186f79a2f18841117df6b,identical
core/io/Serializer.h,3d38bdb5d35956705156f76989aa597f46cec94b,3d38bdb5d35956705156f76989aa597f46cec94b,identical
core/io/Table.h,56544922260ba87cfef6a40d5ea184356a969943,56544922260ba87cfef6a40d5ea184356a969943,identical
core/io/Vdb.cpp,234caa423b7f0a436331ebb61c52ab5bab5dddca,234caa423b7f0a436331ebb61c52ab5bab5dddca,identical
core/io/Vdb.h,5a083a36f492e7181cbc7494bbab522be8bf61f2,5a083a36f492e7181cbc7494bbab522be8bf61f2,identical
core/io/test/FileManager.cpp,3bd8971131314d43b2135cde91c723b5de45091a,3bd8971131314d43b2135cde91c723b5de45091a,identical
core/io/test/FileSystem.cpp,776df25a9dfb9cc440c52f27965eb0a686b836de,776df25a9dfb9cc440c52f27965eb0a686b836de,identical
core/io/test/Logger.cpp,94604476724159679c2f5066122d1651364566da,94604476724159679c2f5066122d1651364566da,identical
core/io/test/Output.cpp,255f395e029e4511fe35a3b2ba75d40977e8419b,255f395e029e4511fe35a3b2ba75d40977e8419b,identical
core/io/test/Path.cpp,3bc49c57044b68e89cb6f529cb085387db94c6c6,3bc49c57044b68e89cb6f529cb085387db94c6c6,identical
core/io/test/Serializer.cpp,1fc12fbd001420fdab0c78be7e6d21f28f8ca148,1fc12fbd001420fdab0c78be7e6d21f28f8ca148,identical
core/math/AffineMatrix.h,24d5fdcb9ac1c9ba2f4cfba5ec8111d902cde202,24d5fdcb9ac1c9ba2f4cfba5ec8111d902cde202,identical
core/math/Curve.cpp,d49c52bdc58b1d0c76ff29f707bd593f1d43963b,d49c52bdc58b1d0c76ff29f707bd593f1d43963b,identical
core/math/Curve.h,426a39581d73bd1d0ddb07ec1a0245731dd05126,426a39581d73bd1d0ddb07ec1a0245731dd05126,identical
core/math/Functional.h,3422af9bdde758436bd9aea2982697d2d25beb45,3422af9bdde758436bd9aea2982697d2d25beb45,identical
core/math/MathBasic.h,49010cc293b2b493550ed0657ecd38230998f661,49010cc293b2b493550ed0657ecd38230998f661,identical
core/math/MathUtils.h,68b312770b9f69b3d5fcadce64f4d268a3920cf8,68b312770b9f69b3d5fcadce64f4d268a3920cf8,identical
core/math/Means.h,b9c73fff5931625dd51cd333cac3bd31728f9b5b,b9c73fff5931625dd51cd333cac3bd31728f9b5b,identical
core/math/Morton.cpp,1e50952d791d215782fb3358c5a16f13677e29ed,1e50952d791d215782fb3358c5a16f13677e29ed,identical
core/math/Morton.h,0756d7fed900c3ea3e51d99e000222c8a0b900f9,0756d7fed900c3ea3e51d99e000222c8a0b900f9,identical
core/math/Quat.h,b71b05afa285110053dc4318927651c97d46016b,b71b05afa285110053dc4318927651c97d46016b,identical
core/math/SparseMatrix.cpp,208dbb8bccbe3426b20758ef031fb454126c8898,208dbb8bccbe3426b20758ef031fb454126c8898,identical
core/math/SparseMatrix.h,d181a6531814a26060049fe836d258e737a61b3e,d181a6531814a26060049fe836d258e737a61b3e,identical
core/math/rng/Rng.cpp,32639b64017c79d150d623f0b4ab64b63fec0b05,32639b64017c79d150d623f0b4ab64b63fec0b05,identical
core/math/rng/Rng.h,ad66efa7b5ca4a6a2db0f22f9c153c65e2d8291d,ad66efa7b5ca4a6a2db0f22f9c153c65e2d8291d,identical
core/math/rng/VectorRng.h,d1dfa2438cba60803262fdcff574e697555380e6,d1dfa2438cba60803262fdcff574e697555380e6,identical
core/math/rng/test/Rng.cpp,19d47624205bf22a7e65a54ce68a09f59a7b4927,19d47624205bf22a7e65a54ce68a09f59a7b4927,identical
core/math/rng/test/VectorRng.cpp,4875472fb02a896e01bbb7e32e36e66afd5493e8,4875472fb02a896e01bbb7e32e36e66afd5493e8,identical
core/math/test/AffineMatrix.cpp,824f6608264da416caf64909d5584f4bf3264292,824f6608264da416caf64909d5584f4bf3264292,identical
core/math/test/Functional.cpp,c09c187d8f9f4054e36e706fd6e6a238814b0933,c09c187d8f9f4054e36e706fd6e6a238814b0933,identical
core/math/test/Math.cpp,ebc405ee224aaee390c0104c5637141130c9fa76,ebc405ee224aaee390c0104c5637141130c9fa76,identical
core/math/test/Means.cpp,a6d169736d4139b4675d789f92cf266e074e3ef4,a6d169736d4139b4675d789f92cf266e074e3ef4,identical
core/math/test/Morton.cpp,9222e2debfd2833eeeb18ffc6cccaa33ab72ca6a,9222e2debfd2833eeeb18ffc6cccaa33ab72ca6a,identical
core/math/test/Quat.cpp,18ec019a06fcc60f876914f822fe1d3bfbbad612,18ec019a06fcc60f876914f822fe1d3bfbbad612,identical
core/math/test/SparseMatrix.cpp,179804200711b706645f90794a82b1b3d6565ba4,179804200711b706645f90794a82b1b3d6565ba4,identical
core/objects/Exceptions.h,ad482ee5d14d7dd2a0ce37ff50ecbcb8fc3a42bd,ad482ee5d14d7dd2a0ce37ff50ecbcb8fc3a42bd,identical
core/objects/Object.h,53c5ddce606588958509ac2c2ec48303f3b7608a,53c5ddce606588958509ac2c2ec48303f3b7608a,identical
core/objects/containers/AdvancedAllocators.h,d36ac941942562fbe9f38aef2d2c894138c6d753,d36ac941942562fbe9f38aef2d2c894138c6d753,identical
core/objects/containers/Array.h,a4f19c6d3cdfcf320b310572708287b6e2f4e3c5,a4f19c6d3cdfcf320b310572708287b6e2f4e3c5,identical
core/objects/containers/ArrayRef.h,699099871e86bc84f2c4d474d0c4d3b3b742420e,699099871e86bc84f2c4d474d0c4d3b3b742420e,identical
core/objects/containers/ArrayView.h,0c58762f99cefebff6459cb73ccd17138942a227,0c58762f99cefebff6459cb73ccd17138942a227,identical
core/objects/containers/BasicAllocators.h,f0cdba39dc1d74eb44049a7d0fb25ab821855cbf,f0cdba39dc1d74eb44049a7d0fb25ab821855cbf,identical
core/objects/containers/CallbackSet.h,3a6857527953e1e5e17c7288c6eee80ea597df4e,3a6857527953e1e5e17c7288c6eee80ea597df4e,identical
core/objects/containers/CircularArray.h,a82b84dd9139df758c4b0fe4b07cb2b1dd4343e9,a82b84dd9139df758c4b0fe4b07cb2b1dd4343e9,identical
core/objects/containers/FlatMap.h,ffe4b8eeaf34a322dcd0d43cb5d92f392f62484d,ffe4b8eeaf34a322dcd0d43cb5d92f392f62484d,identical
core/objects/containers/FlatSet.h,5227ac3ef5784565681869ddb71e0adccd805d94,5227ac3ef5784565681869ddb71e0adccd805d94,identical
core/objects/containers/Grid.h,1c90e3fd9e7ce4b94e239e99881502c1b9d5a48c,1c90e3fd9e7ce4b94e239e99881502c1b9d5a48c,identical
core/objects/containers/List.h,c2fc5aea0878af80857a65d753b66380ed865123,c2fc5aea0878af80857a65d753b66380ed865123,identical
core/objects/containers/LookupMap.h,453928e39ed735cc715b8d65677429f223333826,453928e39ed735cc715b8d65677429f223333826,identical
core/objects/containers/Queue.h,af087c013aea5609d4c771b8b2e6f899aebb5701,af087c013aea5609d4c771b8b2e6f899aebb5701,identical
core/objects/containers/StaticArray.h,3b1d77145cc2d073d464f52dabf456f462c94dbf,3b1d77145cc2d073d464f52dabf456f462c94dbf,identical
core/objects/containers/String.cpp,8b29c06b0fb2e30b64a2b36d9c049322b9073630,8b29c06b0fb2e30b64a2b36d9c049322b9073630,identical
core/objects/containers/String.h,c97929ddd78edc5586ceed4069644899b63b302c,c97929ddd78edc5586ceed4069644899b63b302c,identical
core/objects/containers/Tags.h,5609d48ecdd37fe23146c45bd8f48dfece632b7c,5609d48ecdd37fe23146c45bd8f48dfece632b7c,identical
core/objects/containers/Tuple.h,0723fb19d06734e5a7a7c27cfcd9eb7d4825d1a0,0723fb19d06734e5a7a7c27cfcd9eb7d4825d1a0,identical
core/objects/containers/UnorderedMap.h,a7e10748c5eaad8bf9d1eca8ddf17072fdd38e13,a7e10748c5eaad8bf9d1eca8ddf17072fdd38e13,identical
core/objects/containers/Volume.h,58c14d2ec75c1871231a294ab9fd1c434de8c47a,58c14d2ec75c1871231a294ab9fd1c434de8c47a,identical
core/objects/containers/benchmark/Map.cpp,db3ab46efa9d17f8595ec09f8f2b06951d462858,db3ab46efa9d17f8595ec09f8f2b06951d462858,identical
core/objects/containers/test/Allocators.cpp,6625f292bcd723c46fc5ea064803ab233c5b5730,6625f292bcd723c46fc5ea064803ab233c5b5730,identical
core/objects/containers/test/Array.cpp,3821efa15a0ceb62f39a3e4beb74d26123fcd71b,3821efa15a0ceb62f39a3e4beb74d26123fcd71b,identical
core/objects/containers/test/ArrayRef.cpp,80a64298df5fefbaec7add88ccb3aab99167933a,80a64298df5fefbaec7add88ccb3aab99167933a,identical
core/objects/containers/test/ArrayView.cpp,2bb59355353e1cc53f430def3fc4aea726fabe67,2bb59355353e1cc53f430def3fc4aea726fabe67,identical
core/objects/containers/test/CallbackSet.cpp,e701bf8328e83d868e284d09fb3fe0e8babd530e,e701bf8328e83d868e284d09fb3fe0e8babd530e,identical
core/objects/containers/test/CircularArray.cpp,ac96d53db64d52275ffd3f3adea6b73425fca705,ac96d53db64d52275ffd3f3adea6b73425fca705,identical
core/objects/containers/test/FlatMap.cpp,e7a1d7461cb5ec1df5ddc249f69c8c0db7c841fa,e7a1d7461cb5ec1df5ddc249f69c8c0db7c841fa,identical
core/objects/containers/test/FlatSet.cpp,86c34461a5715e20c17d7b26a5b2557155693747,86c34461a5715e20c17d7b26a5b2557155693747,identical
core/objects/containers/test/Grid.cpp,ac105ed501ce1c06e99c45162a33f1f0a043bf5b,ac105ed501ce1c06e99c45162a33f1f0a043bf5b,identical
core/objects/containers/test/List.cpp,3a2ce1adbc2106cb14b003c22c05b2a783bb665e,3a2ce1adbc2106cb14b003c22c05b2a783bb665e,identical
core/objects/containers/test/Queue.cpp,b2e0aff866c18683925dda48f1d669a02db0c213,b2e0aff866c18683925dda48f1d669a02db0c213,identical
core/objects/containers/test/StaticArray.cpp,665b877c1c828b31397245e46b54ca084db38d47,665b877c1c828b31397245e46b54ca084db38d47,identical
core/objects/containers/test/String.cpp,001b656a85fffad35744951181b055a37038d365,001b656a85fffad35744951181b055a37038d365,identical
core/objects/containers/test/Tuple.cpp,d387c19380ea738b182867600e9b0875fd84de48,d387c19380ea738b182867600e9b0875fd84de48,identical
core/objects/finders/AdaptiveGrid.h,a3364d32361e45323038160ff27190357964a4de,a3364d32361e45323038160ff27190357964a4de,identical
core/objects/finders/BruteForceFinder.h,369143e9f297b74fabb47c2ffa3f8c953778ba8e,369143e9f297b74fabb47c2ffa3f8c953778ba8e,identical
core/objects/finders/Bvh.h,049496da4585c1af69def9fb75946b9edbc26191,049496da4585c1af69def9fb75946b9edbc26191,identical
core/objects/finders/Bvh.inl.h,2bedd449d85fd589ac3cb091537fb4c9093585ad,2bedd449d85fd589ac3cb091537fb4c9093585ad,identical
core/objects/finders/HashMapFinder.cpp,ac85f0ec0b0c02c09a4d47ae76f19e959db4ba63,ac85f0ec0b0c02c09a4d47ae76f19e959db4ba63,identical
core/objects/finders/HashMapFinder.h,9909a2d6ea7c5eb94a00eed13570a2f4df789114,9909a2d6ea7c5eb94a00eed13570a2f4df789114,identical
core/objects/finders/IncrementalFinder.cpp,c5fe754a870cc3e4d2de5deb140a07affcbab486,c5fe754a870cc3e4d2de5deb140a07affcbab486,identical
core/objects/finders/IncrementalFinder.h,79338d5a1c6af979158afd52dddeed1e8df11556,79338d5a1c6af979158afd52dddeed1e8df11556,identical
core/objects/finders/KdTree.cpp,c9ea0e5afbdba3f938bcd8b355c484aef792a8a1,c9ea0e5afbdba3f938bcd8b355c484aef792a8a1,identical
core/objects/finders/KdTree.h,778d5201a71584f89e2fd9ae9225ab4e6401b875,778d5201a71584f89e2fd9ae9225ab4e6401b875,identical
core/objects/finders/KdTree.inl.h,78d672361ba1c26de2cad278891b91b9e8b7325f,78d672361ba1c26de2cad278891b91b9e8b7325f,identical
core/objects/finders/NeighborFinder.cpp,e3191588019d5f1d214b12c9951c98afc87130f5,e3191588019d5f1d214b12c9951c98afc87130f5,identical
core/objects/finders/NeighborFinder.h,d522ebefc91218056271847bd25ac06c05285369,d522ebefc91218056271847bd25ac06c05285369,identical
core/objects/finders/Octree.h,d842a1bd43946520636fd340b0268de0e481c454,d842a1bd43946520636fd340b0268de0e481c454,identical
core/objects/finders/Order.h,17e121b7cdee0f3d879bcd8b9264a00b27fdc00b,17e121b7cdee0f3d879bcd8b9264a00b27fdc00b,identical
core/objects/finders/PeriodicFinder.cpp,4a7b7d33fb8dd5a9b42fa8c7f243ce962674f797,4a7b7d33fb8dd5a9b42fa8c7f243ce962674f797,identical
core/objects/finders/PeriodicFinder.h,cbb1fbb9f2885e3f3054789ccd58ab2b9eca5263,cbb1fbb9f2885e3f3054789ccd58ab2b9eca5263,identical
core/objects/finders/UniformGrid.cpp,46717380ec6895e5853a74796e3f3dc33ff5feb6,46717380ec6895e5853a74796e3f3dc33ff5feb6,identical
core/objects/finders/UniformGrid.h,bce66d9f56459001ca0b50aecd76c6f7f785e284,bce66d9f56459001ca0b50aecd76c6f7f785e284,identical
core/objects/finders/benchmark/Finders.cpp,72a2db59ee838e336a77cdf0f317e513cbdd993c,72a2db59ee838e336a77cdf0f317e513cbdd993c,identical
core/objects/finders/test/BruteForceFinder.cpp,ba35b46f5a0c73e45590cff081b5d037e3b08a7a,ba35b46f5a0c73e45590cff081b5d037e3b08a7a,identical
core/objects/finders/test/Bvh.cpp,9bfa1424b3c63884b0b40f309294e101e12938d5,9bfa1424b3c63884b0b40f309294e101e12938d5,identical
core/objects/finders/test/Finders.cpp,0b923bbacc599afcae0b31796650f7964e6b4138,0b923bbacc599afcae0b31796650f7964e6b4138,identical
core/objects/finders/test/IncrementalFinder.cpp,26f2adf3f343ac28f7249a226c269b18b336b937,26f2adf3f343ac28f7249a226c269b18b336b937,identical
core/objects/finders/test/Order.cpp,80863e9f78ab47ce11cf662571ec3666877fb6a4,80863e9f78ab47ce11cf662571ec3666877fb6a4,identical
core/objects/finders/test/PeriodicFinder.cpp,007a87e4a9f2646ccf847f5402a09075f3784ff7,007a87e4a9f2646ccf847f5402a09075f3784ff7,identical
core/objects/geometry/AntisymmetricTensor.h,b269b5dacc15f053a4e698571fe0365da6a492fd,b269b5dacc15f053a4e698571fe0365da6a492fd,identical
core/objects/geometry/Box.h,c1e9b7d66486f08789bd1d4fa8b4452c332b66a3,c1e9b7d66486f08789bd1d4fa8b4452c332b66a3,identical
core/objects/geometry/Delaunay.cpp,05dbc8c1e616d6381e580383791dc99fd1360ab3,05dbc8c1e616d6381e580383791dc99fd1360ab3,identical
core/objects/geometry/Delaunay.h,c3348655615d8422ad90680b86269aee345be6ca,c3348655615d8422ad90680b86269aee345be6ca,identical
core/objects/geometry/Domain.cpp,ec38743773b8f6f4b048a0f3fa275fbc032965d3,ec38743773b8f6f4b048a0f3fa275fbc032965d3,identical
core/objects/geometry/Domain.h,c90248944209f1744c735addb29745bede9f2fd5,c90248944209f1744c735addb29745bede9f2fd5,identical
core/objects/geometry/Generic.h,fc2b1ba5636f546271b65edcf39f8ab6769be666,fc2b1ba5636f546271b65edcf39f8ab6769be666,identical
core/objects/geometry/Indices.h,5677b324ae64f8676444fbbc9574fabf68f3176a,5677b324ae64f8676444fbbc9574fabf68f3176a,identical
core/objects/geometry/Multipole.h,0f537cbd09f681d4bfa3a5c0408cf0c147f4d7ff,0f537cbd09f681d4bfa3a5c0408cf0c147f4d7ff,identical
core/objects/geometry/Plane.h,c50ed8a6a7272eaf22bdee3e4ca394756794438a,c50ed8a6a7272eaf22bdee3e4ca394756794438a,identical
core/objects/geometry/Sphere.h,a07054aa9e9a9f882e13c9d86c64968f19a60ae6,a07054aa9e9a9f882e13c9d86c64968f19a60ae6,identical
core/objects/geometry/SymmetricTensor.cpp,d1d8f29a8fde5bedfb0420a5a43518889a9f06e1,d1d8f29a8fde5bedfb0420a5a43518889a9f06e1,identical
core/objects/geometry/SymmetricTensor.h,46f6556e3482ada65089544098e806704ee5350b,46f6556e3482ada65089544098e806704ee5350b,identical
core/objects/geometry/Tensor.h,13245b9da1fa15e7c2c967237cf15d5d11fe6ea0,13245b9da1fa15e7c2c967237cf15d5d11fe6ea0,identical
core/objects/geometry/TracelessTensor.h,58363871291989ed6f50f226f0a253152c685cf4,58363871291989ed6f50f226f0a253152c685cf4,identical
core/objects/geometry/Triangle.h,243034ff72c6898596bb09b3d7b72a9e890e4771,243034ff72c6898596bb09b3d7b72a9e890e4771,identical
core/objects/geometry/Vector.h,349b603898e4a2bd10026470fa63d0fc4882e090,a483d69fac49416a91c6c8bdc34144d2c05f38b1,modified
core/objects/geometry/test/AntisymmetricTensor.cpp,85ec0cd754a82d88164f8c2e2279cbaa4a00bf44,85ec0cd754a82d88164f8c2e2279cbaa4a00bf44,identical
core/objects/geometry/test/Box.cpp,94a27fc798b4655cbfd2f7697ca8047a9e4ea0b3,94a27fc798b4655cbfd2f7697ca8047a9e4ea0b3,identical
core/objects/geometry/test/Delaunay.cpp,4005d46d342d34b4e7cd2311121cec2c6706e90a,4005d46d342d34b4e7cd2311121cec2c6706e90a,identical
core/objects/geometry/test/Domain.cpp,fbfdc2654c23d358a73773dceddffebda4a689d6,fbfdc2654c23d358a73773dceddffebda4a689d6,identical
core/objects/geometry/test/Indices.cpp,6c92856d2bd4ec91bae0f76885ec63ff661613df,6c92856d2bd4ec91bae0f76885ec63ff661613df,identical
core/objects/geometry/test/Multipole.cpp,20ae65731fa0698daafd5dc4d1cebec05792ba66,20ae65731fa0698daafd5dc4d1cebec05792ba66,identical
core/objects/geometry/test/Plane.cpp,5e9b5ff1ef5094ec650755100e85ccc4e41330cb,5e9b5ff1ef5094ec650755100e85ccc4e41330cb,identical
core/objects/geometry/test/Sphere.cpp,52165a638c126cd11b93724e87b505567623349c,52165a638c126cd11b93724e87b505567623349c,identical
core/objects/geometry/test/SymmetricTensor.cpp,bfbd3b995a7a7f635b81fee04a2b16b7278bbdbb,bfbd3b995a7a7f635b81fee04a2b16b7278bbdbb,identical
core/objects/geometry/test/Tensor.cpp,cbf037ca905b3f889b84458cf1d30c1918c163ed,cbf037ca905b3f889b84458cf1d30c1918c163ed,identical
core/objects/geometry/test/TracelessTensor.cpp,268c80f2d2f664d2d561eb0b6caf54d3d71652ba,268c80f2d2f664d2d561eb0b6caf54d3d71652ba,identical
core/objects/geometry/test/Triangle.cpp,54a25291c17a2e56a134ab3a8741b06238dd1e1f,54a25291c17a2e56a134ab3a8741b06238dd1e1f,identical
core/objects/geometry/test/Vector.cpp,c5955e51b76e28286c657ebbfecbd7684b6254c8,c5955e51b76e28286c657ebbfecbd7684b6254c8,identical
core/objects/utility/Algorithm.h,e90bd9ec9b86e838070668f754cc1f9d14b5cf07,e90bd9ec9b86e838070668f754cc1f9d14b5cf07,identical
core/objects/utility/Dynamic.cpp,e540c9e59925b4af0bf5c8fa08ae427dde122431,e540c9e59925b4af0bf5c8fa08ae427dde122431,identical
core/objects/utility/Dynamic.h,37b3e7f56058f03fb90c69f5ba27a6e42dcb9fcb,37b3e7f56058f03fb90c69f5ba27a6e42dcb9fcb,identical
core/objects/utility/EnumMap.h,92fa7fa1983a452041bac4238059b96c5f3ddce6,92fa7fa1983a452041bac4238059b96c5f3ddce6,identical
core/objects/utility/Iterator.h,f48ee9ee408462bd878aded621448dfdc29c06d2,f48ee9ee408462bd878aded621448dfdc29c06d2,identical
core/objects/utility/IteratorAdapters.h,649290ac593b10f6a294e39321f89856b5a58a6b,649290ac593b10f6a294e39321f89856b5a58a6b,identical
core/objects/utility/MemoryPool.h,b54c4b37a222d99f9c3486ddfbd09c7ac2087cb7,b54c4b37a222d99f9c3486ddfbd09c7ac2087cb7,identical
core/objects/utility/OperatorTemplate.h,99781f1a9a9720f4e721b8a0a8ce16d9964e4b81,99781f1a9a9720f4e721b8a0a8ce16d9964e4b81,identical
core/objects/utility/OutputIterators.h,aa0b0203eceb10f2423c748f7887b1df15ec22a7,aa0b0203eceb10f2423c748f7887b1df15ec22a7,identical
core/objects/utility/PerElementWrapper.h,8038297ee05843614d12a8163a04ce7be1883ffb,8038297ee05843614d12a8163a04ce7be1883ffb,identical
core/objects/utility/Progressible.h,30ffc76345cf6c42842df7107b4c180685776949,30ffc76345cf6c42842df7107b4c180685776949,identical
core/objects/utility/Streams.cpp,43208484eadaf1c64df3ed984922c1d2066f99e7,43208484eadaf1c64df3ed984922c1d2066f99e7,identical
core/objects/utility/Streams.h,6a2e18445c44213bf37b7a1d3ee61a24c4b143f7,6a2e18445c44213bf37b7a1d3ee61a24c4b143f7,identical
core/objects/utility/test/Algorithm.cpp,8a53bb3e8b6f30191bca152dcb9ff7ed1403087c,8a53bb3e8b6f30191bca152dcb9ff7ed1403087c,identical
core/objects/utility/test/Dynamic.cpp,d33c84352bcf18130d5e1d86422a766679aee0f2,d33c84352bcf18130d5e1d86422a766679aee0f2,identical
core/objects/utility/test/Iterators.cpp,41f45f9dfc7bb5717c97984497d8b67ffdd6b628,41f45f9dfc7bb5717c97984497d8b67ffdd6b628,identical
core/objects/utility/test/OperatorTemplate.cpp,1fa7dc66676a2e283eeb8929f43110685f25155f,1fa7dc66676a2e283eeb8929f43110685f25155f,identical
core/objects/wrappers/AlignedStorage.h,1eaa5cf59c7719174ff34c5138ad01128e3a6c10,1eaa5cf59c7719174ff34c5138ad01128e3a6c10,identical
core/objects/wrappers/Any.h,10b54884b4b3f02172736fad594320ffe1086aec,10b54884b4b3f02172736fad594320ffe1086aec,identical
core/objects/wrappers/AutoPtr.h,d119bc37ad09c40f2a3de46faca055962f57335b,d119bc37ad09c40f2a3de46faca055962f57335b,identical
core/objects/wrappers/ClonePtr.h,621e5bd6a4ce197316e2031bf8157497d3408122,621e5bd6a4ce197316e2031bf8157497d3408122,identical
core/objects/wrappers/Expected.h,2e153dae68d5e428acc81edad51819207a00d92b,2e153dae68d5e428acc81edad51819207a00d92b,identical
core/objects/wrappers/ExtendedEnum.h,a9abf82c08dc4c3f242ffb4f24a08bbfc784167d,a9abf82c08dc4c3f242ffb4f24a08bbfc784167d,identical
core/objects/wrappers/Finally.h,fe01be9aee188f7b3bc22418edd61de8a37d23c6,fe01be9aee188f7b3bc22418edd61de8a37d23c6,identical
core/objects/wrappers/Flags.h,5d8a4afe06825fe793f092e0cd6e31bcfff9ebbc,5d8a4afe06825fe793f092e0cd6e31bcfff9ebbc,identical
core/objects/wrappers/Function.h,84f824a72c5f56b46e5eb6705c51226b9973e57d,84f824a72c5f56b46e5eb6705c51226b9973e57d,identical
core/objects/wrappers/Interval.h,8fe4eb709eabcc0c2312036e96824a4ac6f20615,8fe4eb709eabcc0c2312036e96824a4ac6f20615,identical
core/objects/wrappers/Locking.h,9d83aad6f719f6c02137bf5f2be09f6d4ba3091c,9d83aad6f719f6c02137bf5f2be09f6d4ba3091c,identical
core/objects/wrappers/LockingPtr.h,105642192440f0d4138f78407e8a7f8af89a799a,105642192440f0d4138f78407e8a7f8af89a799a,identical
core/objects/wrappers/Lut.h,a4d63b2e0b99e810dddc4dd366ef5a90443a8073,a4d63b2e0b99e810dddc4dd366ef5a90443a8073,identical
core/objects/wrappers/Lut2D.h,0bbb7df975369d602bb6f77be1ca0d8f9bbddf0c,0bbb7df975369d602bb6f77be1ca0d8f9bbddf0c,identical
core/objects/wrappers/MultiLambda.h,094e40b52f637efa7fa6d1aa6e4a6888b83de3c4,094e40b52f637efa7fa6d1aa6e4a6888b83de3c4,identical
core/objects/wrappers/Optional.h,d6e17896ac7e5f77ec7d9c67aaa66bc103a18cc5,d6e17896ac7e5f77ec7d9c67aaa66bc103a18cc5,identical
core/objects/wrappers/Outcome.h,7180da05090cd05593b2fdbf8d3442b70b89b80a,7180da05090cd05593b2fdbf8d3442b70b89b80a,identical
core/objects/wrappers/PropagateConst.h,a5adf9ab1a95e642ca07d20885ebd4a48dedfceb,a5adf9ab1a95e642ca07d20885ebd4a48dedfceb,identical
core/objects/wrappers/RawPtr.h,b2496f06a3efabccd6744a7da382c4a6c6e547b5,b2496f06a3efabccd6744a7da382c4a6c6e547b5,identical
core/objects/wrappers/SharedPtr.h,599d1fe2168e1d888dcca75a4449487e62688c29,599d1fe2168e1d888dcca75a4449487e62688c29,identical
core/objects/wrappers/SharedToken.h,1795be56dcb03a88f83e6261fad178e746618f7d,1795be56dcb03a88f83e6261fad178e746618f7d,identical
core/objects/wrappers/Variant.h,575a2ffe49c1ab99d8cd81d6fe3c7c0a2595a77f,575a2ffe49c1ab99d8cd81d6fe3c7c0a2595a77f,identical
core/objects/wrappers/test/AlignedStorage.cpp,5d4c7302f0eeb2c897e777758afee3f05da52e67,5d4c7302f0eeb2c897e777758afee3f05da52e67,identical
core/objects/wrappers/test/Any.cpp,2ad7667c8570e13afc2ab44dcd3abfaf579a4eab,2ad7667c8570e13afc2ab44dcd3abfaf579a4eab,identical
core/objects/wrappers/test/AutoPtr.cpp,e908925684f5b26ff022f88cf0a402f348c732ed,e908925684f5b26ff022f88cf0a402f348c732ed,identical
core/objects/wrappers/test/ClonePtr.cpp,84e9f1fc9affe9faf641f389399d157e2f7a3d57,84e9f1fc9affe9faf641f389399d157e2f7a3d57,identical
core/objects/wrappers/test/Expected.cpp,3f549ab2919648e53fa86dbee9f7d8bdbc777198,3f549ab2919648e53fa86dbee9f7d8bdbc777198,identical
core/objects/wrappers/test/ExtendedEnum.cpp,29fb96c84290df1526f7be94d65596352a2be8e7,29fb96c84290df1526f7be94d65596352a2be8e7,identical
core/objects/wrappers/test/Finally.cpp,96c8d982815feacf19aed6969e142ac2a4d354e1,96c8d982815feacf19aed6969e142ac2a4d354e1,identical
core/objects/wrappers/test/Flags.cpp,087d61b60ee2dcc0bc48ead8a45f65d2a11c5884,087d61b60ee2dcc0bc48ead8a45f65d2a11c5884,identical
core/objects/wrappers/test/Function.cpp,3f952f9f6287a7d10f4f1d80f101bc73b67c3f08,3f952f9f6287a7d10f4f1d80f101bc73b67c3f08,identical
core/objects/wrappers/test/Interval.cpp,036316ca646262acc2a5146904c045259472742b,036316ca646262acc2a5146904c045259472742b,identical
core/objects/wrappers/test/LockingPtr.cpp,8d945d31282057266dcd8eb99ab73544c7518ec3,8d945d31282057266dcd8eb99ab73544c7518ec3,identical
core/objects/wrappers/test/Lut.cpp,02e26a938a4a9ff043a1fd0a4a2738364486d717,02e26a938a4a9ff043a1fd0a4a2738364486d717,identical
core/objects/wrappers/test/Optional.cpp,f30beee2553a089ca816c3c88f589d7692953f71,f30beee2553a089ca816c3c88f589d7692953f71,identical
core/objects/wrappers/test/Outcome.cpp,5702317a59160495b2d3ed7e4df971c660549582,5702317a59160495b2d3ed7e4df971c660549582,identical
core/objects/wrappers/test/PropagateConst.cpp,006a95ba9d276c7bb66586a7fdcbbc55c01313b9,006a95ba9d276c7bb66586a7fdcbbc55c01313b9,identical
core/objects/wrappers/test/SharedPtr.cpp,29b168d1b8a67bffbcd21df038735341012fb651,29b168d1b8a67bffbcd21df038735341012fb651,identical
core/objects/wrappers/test/SharedToken.cpp,34a28e55069bbaea009a0e1007680f3e60ddc224,34a28e55069bbaea009a0e1007680f3e60ddc224,identical
core/objects/wrappers/test/Variant.cpp,7af01b71a1086db85c02bf0c4f6346f6f7c10283,7af01b71a1086db85c02bf0c4f6346f6f7c10283,identical
core/physics/Aneos.cpp,cbae988dce3b30038a959637a10d8aef60966b04,cbae988dce3b30038a959637a10d8aef60966b04,identical
core/physics/Aneos.h,d224076c1467a0c565bcf7737310f2ffe1d04e6b,d224076c1467a0c565bcf7737310f2ffe1d04e6b,identical
core/physics/Constants.h,33e0ade1e683fc881432f909fc7bbdb64e6a9c02,33e0ade1e683fc881432f909fc7bbdb64e6a9c02,identical
core/physics/Damage.cpp,9dd312054e586a5aa2bac11f0c0406f623349fbb,9dd312054e586a5aa2bac11f0c0406f623349fbb,identical
core/physics/Damage.h,c5652009b346f6a58c5f4907a6580d277e3fdaec,c5652009b346f6a58c5f4907a6580d277e3fdaec,identical
core/physics/Eos.cpp,6a3479040d8f67d8ec8912c3447f69d06f0e42f6,6a3479040d8f67d8ec8912c3447f69d06f0e42f6,identical
core/physics/Eos.h,12f36c4ca58584cec306ace3b1ebf5f432d17170,12f36c4ca58584cec306ace3b1ebf5f432d17170,identical
core/physics/Functions.cpp,c264f11ba3699fe1fedbef01e2e16cdde99f35b4,c264f11ba3699fe1fedbef01e2e16cdde99f35b4,identical
core/physics/Functions.h,67f7d12ab6920e14c65a1662ce9421a8c67cd175,67f7d12ab6920e14c65a1662ce9421a8c67cd175,identical
core/physics/Integrals.cpp,b5e6e00c00c306055ae1c2c4af122deb9a9ab274,b5e6e00c00c306055ae1c2c4af122deb9a9ab274,identical
core/physics/Integrals.h,4013ad94c063b1ee864021fdea40050a288cba46,4013ad94c063b1ee864021fdea40050a288cba46,identical
core/physics/Rheology.cpp,6ea00c5442d38e189f894a850db3149bf08da833,6ea00c5442d38e189f894a850db3149bf08da833,identical
core/physics/Rheology.h,5bea3b00fefa600d4a1189580ca659b2fcaca46e,5bea3b00fefa600d4a1189580ca659b2fcaca46e,identical
core/physics/TimeFormat.cpp,6c381f21378da5aaaac70d807c260719db5bb6f2,6c381f21378da5aaaac70d807c260719db5bb6f2,identical
core/physics/TimeFormat.h,cd35af1afdbd915cef999958d10c184b37a19e24,cd35af1afdbd915cef999958d10c184b37a19e24,identical
core/physics/Units.cpp,7968385e075f4d796ff763c201f1ddf7fc7b9e60,7968385e075f4d796ff763c201f1ddf7fc7b9e60,identical
core/physics/Units.h,40dfb027342b1a68a8e21deee8d224255d62c25c,40dfb027342b1a68a8e21deee8d224255d62c25c,identical
core/physics/test/Damage.cpp,7dceadf4dd86c351126594aaa69980a3074837ab,7dceadf4dd86c351126594aaa69980a3074837ab,identical
core/physics/test/Eos.cpp,c37e96659388efc36649e649a65ebc9361924de0,c37e96659388efc36649e649a65ebc9361924de0,identical
core/physics/test/Functions.cpp,86457e1c9bbfc682999deed6b7f13cc883aca9f8,86457e1c9bbfc682999deed6b7f13cc883aca9f8,identical
core/physics/test/Integrals.cpp,634144bfea2865e9074c51d267c9a241d3396696,634144bfea2865e9074c51d267c9a241d3396696,identical
core/physics/test/TimeFormat.cpp,31d22bd2c9fe312435d925f991247747eb2fa4fe,31d22bd2c9fe312435d925f991247747eb2fa4fe,identical
core/physics/test/Units.cpp,878d51d2a1947569bdb158a6e43ed6fadcb4f5f4,878d51d2a1947569bdb158a6e43ed6fadcb4f5f4,identical
core/physics/test/Yielding.cpp,b0375e17db23cbf7226efe598b2c3f0f55ead3ee,b0375e17db23cbf7226efe598b2c3f0f55ead3ee,identical
core/post/Analysis.cpp,dd9500f11d3c0f15d2173df9b0cca1c3fc96b273,dd9500f11d3c0f15d2173df9b0cca1c3fc96b273,identical
core/post/Analysis.h,bf6dbede7ff32ed2f4471fa67ba7527ebefd4bed,bf6dbede7ff32ed2f4471fa67ba7527ebefd4bed,identical
core/post/Compare.cpp,cfe64f802e9bf14cf5c247d0090d7f8030ab4dee,cfe64f802e9bf14cf5c247d0090d7f8030ab4dee,identical
core/post/Compare.h,35f4bb0057b223676910a2afc48e817eee4507a4,35f4bb0057b223676910a2afc48e817eee4507a4,identical
core/post/MarchingCubes.cpp,fcfda965005b4d1df06f9e37b30a840f95599837,fcfda965005b4d1df06f9e37b30a840f95599837,identical
core/post/MarchingCubes.h,4b64816fbb51d16b7c74c02d833302f24e0e7266,4b64816fbb51d16b7c74c02d833302f24e0e7266,identical
core/post/Mesh.cpp,63ee393866e31cc97232c93c523a2db4bf20203d,63ee393866e31cc97232c93c523a2db4bf20203d,identical
core/post/Mesh.h,d94617bb8c0f6c98cea598d74146eb241d47d2dd,d94617bb8c0f6c98cea598d74146eb241d47d2dd,identical
core/post/MeshFile.cpp,08fff793564a59842894157a47e525e46f5ef6c4,08fff793564a59842894157a47e525e46f5ef6c4,identical
core/post/MeshFile.h,5a6bd197b169156410ef2c079f323f6f83a3c3b9,5a6bd197b169156410ef2c079f323f6f83a3c3b9,identical
core/post/Plot.cpp,519196583fa639971d1072fecc913b2373eef7bb,519196583fa639971d1072fecc913b2373eef7bb,identical
core/post/Plot.h,c93b108cb888c5024eaf939cd563d4dfabbd79a7,c93b108cb888c5024eaf939cd563d4dfabbd79a7,identical
core/post/Point.h,2a5f2d5f1a3497a4c15628e52e793af6418d1839,2a5f2d5f1a3497a4c15628e52e793af6418d1839,identical
core/post/StatisticTests.cpp,d202696b01e2493823cc4e3ab033d8e34cf5376e,d202696b01e2493823cc4e3ab033d8e34cf5376e,identical
core/post/StatisticTests.h,d2120966e5fe2c5d059a8d64958ad06b348f7d61,d2120966e5fe2c5d059a8d64958ad06b348f7d61,identical
core/post/TwoBody.cpp,3b54ed7845cb9e77946e26cdc64d173eecc73531,3b54ed7845cb9e77946e26cdc64d173eecc73531,identical
core/post/TwoBody.h,298aac1bfdfda8a990b0f7d85a974ced82d60509,298aac1bfdfda8a990b0f7d85a974ced82d60509,identical
core/post/test/Analysis.cpp,1b57ec467ab02a1ea7d811834105988cf5e2e3ea,1b57ec467ab02a1ea7d811834105988cf5e2e3ea,identical
core/post/test/MarchingCubes.cpp,7993c0fa72c7d9745234babd4dc0d56cfee1ec6e,7993c0fa72c7d9745234babd4dc0d56cfee1ec6e,identical
core/post/test/MeshFile.cpp,1ef627b956e332721f9aeb9b65d9d4b881217cfa,1ef627b956e332721f9aeb9b65d9d4b881217cfa,identical
core/post/test/Point.cpp,36ababab00f292d49601f63bdffd22316cfc742a,36ababab00f292d49601f63bdffd22316cfc742a,identical
core/post/test/StatisticTests.cpp,890acf5e43dfabee589fca026194ae1b82f5a6f5,890acf5e43dfabee589fca026194ae1b82f5a6f5,identical
core/post/test/TwoBody.cpp,2667041239e57bcae21ed964dea78c1c38357254,2667041239e57bcae21ed964dea78c1c38357254,identical
core/quantities/Attractor.cpp,b9d2ec23f112f5ff0000fc961bdec411e3689bbc,b9d2ec23f112f5ff0000fc961bdec411e3689bbc,identical
core/quantities/Attractor.h,e8c627171c987973b7f57262db1ed4b2c9402f13,e8c627171c987973b7f57262db1ed4b2c9402f13,identical
core/quantities/IMaterial.cpp,3af2e375a152c1de095becee2a5dfefdd4ab78ad,3af2e375a152c1de095becee2a5dfefdd4ab78ad,identical
core/quantities/IMaterial.h,d63041333f68d586314bcd3dd084b15976237c2e,d63041333f68d586314bcd3dd084b15976237c2e,identical
core/quantities/Iterate.h,acc9c956d3d2fe95b3f64bc2ed9dfc00f1d546e4,acc9c956d3d2fe95b3f64bc2ed9dfc00f1d546e4,identical
core/quantities/Particle.cpp,e6a89069717ba41c24fbf6beb1a85f1436ce8cd6,e6a89069717ba41c24fbf6beb1a85f1436ce8cd6,identical
core/quantities/Particle.h,ffd035144dbf40c4dd1b1c02691c28c09bc89b20,ffd035144dbf40c4dd1b1c02691c28c09bc89b20,identical
core/quantities/Quantity.cpp,88cf754e21204b9bbbcf5ab70f7ce64921e067af,88cf754e21204b9bbbcf5ab70f7ce64921e067af,identical
core/quantities/Quantity.h,81b8ff0a468ded8cd49487f521ef2cff400da14a,81b8ff0a468ded8cd49487f521ef2cff400da14a,identical
core/quantities/QuantityHelpers.h,e3ee5d8e23f95c661ed0a59b86ee80b70be87bcc,e3ee5d8e23f95c661ed0a59b86ee80b70be87bcc,identical
core/quantities/QuantityIds.cpp,c45e514446d9389e875046f13ce7a600ede06bca,c45e514446d9389e875046f13ce7a600ede06bca,identical
core/quantities/QuantityIds.h,259297228aebc21e607ba251499d4c203e9bdc93,259297228aebc21e607ba251499d4c203e9bdc93,identical
core/quantities/Storage.cpp,85d92c716c432dc5feb266703ef251ec721f5113,85d92c716c432dc5feb266703ef251ec721f5113,identical
core/quantities/Storage.h,486688e4f156b5bc67d79cb06ae34b0753240c57,486688e4f156b5bc67d79cb06ae34b0753240c57,identical
core/quantities/Utility.cpp,cd02b6eb14da8e1c3cd6b799e8a01d80512e653a,cd02b6eb14da8e1c3cd6b799e8a01d80512e653a,identical
core/quantities/Utility.h,dd7b96fd8ca0f8380de741cdacea9ebe82fe284e,dd7b96fd8ca0f8380de741cdacea9ebe82fe284e,identical
core/quantities/test/Attractor.cpp,ff6a42b9fa7ba7e296de3dc62c2051b1bd36fcf2,ff6a42b9fa7ba7e296de3dc62c2051b1bd36fcf2,identical
core/quantities/test/IMaterial.cpp,ab65bcfb7fbb094778c3bc080335248bd982bcf7,ab65bcfb7fbb094778c3bc080335248bd982bcf7,identical
core/quantities/test/Iterate.cpp,252112d99177079d30a586efbbb3c622ca161ab8,252112d99177079d30a586efbbb3c622ca161ab8,identical
core/quantities/test/Particle.cpp,bcdb476b8bc8666b842c459ae7f2219519945595,bcdb476b8bc8666b842c459ae7f2219519945595,identical
core/quantities/test/Quantity.cpp,b0e29dba4152e3f0d520f0668ac5bc0d1e86c9f5,b0e29dba4152e3f0d520f0668ac5bc0d1e86c9f5,identical
core/quantities/test/QuantityHelpers.cpp,94d8dde7020c0d39dfcd7868d445520b3fde7fa8,94d8dde7020c0d39dfcd7868d445520b3fde7fa8,identical
core/quantities/test/Storage.cpp,013f3ae6056bba18c280ed643acda053059d3521,013f3ae6056bba18c280ed643acda053059d3521,identical
core/quantities/test/Utility.cpp,ff42ca5af897bb3425846ebe70cd3b7358cd8918,ff42ca5af897bb3425846ebe70cd3b7358cd8918,identical
core/run/Config.cpp,dce8f67598177825d2e9038bc95ca48c1ea50856,dce8f67598177825d2e9038bc95ca48c1ea50856,identical
core/run/Config.h,ce47eac5b6e2ba3a65646ba56f697d4bd5a0a791,ce47eac5b6e2ba3a65646ba56f697d4bd5a0a791,identical
core/run/IRun.cpp,38b188cce8b941b430ab001adda1004009539840,a5571d49ec4068b82644a0aaa1617373136f18df,modified
core/run/IRun.h,07013d51df434fdfaef256178008d928df09e185,07013d51df434fdfaef256178008d928df09e185,identical
core/run/Job.cpp,81bf13200fb20da99b782a2caaf3c103386520db,81bf13200fb20da99b782a2caaf3c103386520db,identical
core/run/Job.h,d0d685a55d5f5bd71bedde63698b8c765cff5572,d0d685a55d5f5bd71bedde63698b8c765cff5572,identical
core/run/Job.inl.h,4f74078f1ce6c07e5769009513734f6706de545b,4f74078f1ce6c07e5769009513734f6706de545b,identical
core/run/Node.cpp,2c8ae82177ebf218e6456e9088cd64b84177c881,2c8ae82177ebf218e6456e9088cd64b84177c881,identical
core/run/Node.h,64f60029dceea201ee84b0cb35549a2f55e5c608,64f60029dceea201ee84b0cb35549a2f55e5c608,identical
core/run/ScriptNode.cpp,ede05246361fda87f02544129677d7daff93656f,ede05246361fda87f02544129677d7daff93656f,identical
core/run/ScriptNode.h,ad57201a5f20b45008c4a8c8e02ecf4707cee2fb,ad57201a5f20b45008c4a8c8e02ecf4707cee2fb,identical
core/run/ScriptUtils.cpp,b20a5676f6b8c857a2fa4a719be91433b7ae8add,b20a5676f6b8c857a2fa4a719be91433b7ae8add,identical
core/run/ScriptUtils.h,08ec169068b8d82ec4da3978cd44474591be16a6,08ec169068b8d82ec4da3978cd44474591be16a6,identical
core/run/SpecialEntries.cpp,854a9048dc4cf1f895883a86da06dc3d9902358f,854a9048dc4cf1f895883a86da06dc3d9902358f,identical
core/run/SpecialEntries.h,ca2f3bd7197915e3df628f7d9d8c383e5f2cb5a9,ca2f3bd7197915e3df628f7d9d8c383e5f2cb5a9,identical
core/run/Trigger.h,7e043f58e7d97744e8cefcdc3bfd9c3e5fb7b0bc,7e043f58e7d97744e8cefcdc3bfd9c3e5fb7b0bc,identical
core/run/VirtualSettings.cpp,d03893cf465b8d84ff0e991ce9c8c8614eb36289,d03893cf465b8d84ff0e991ce9c8c8614eb36289,identical
core/run/VirtualSettings.h,2deda77adfdb8420d1ac448ec98096d385135d42,2deda77adfdb8420d1ac448ec98096d385135d42,identical
core/run/VirtualSettings.inl.h,49a7f464d54bec23b8569189da96cb4d8f4160d2,49a7f464d54bec23b8569189da96cb4d8f4160d2,identical
core/run/jobs/GeometryJobs.cpp,6d652ce37bc2011391f2941a03f30355558235b6,6d652ce37bc2011391f2941a03f30355558235b6,identical
core/run/jobs/GeometryJobs.h,86e3a2686d9d55ea70f93c25d129eac6e370695b,86e3a2686d9d55ea70f93c25d129eac6e370695b,identical
core/run/jobs/InitialConditionJobs.cpp,b8b18591fe713ce5839e243fc2b45a8a1fa7c39e,b8b18591fe713ce5839e243fc2b45a8a1fa7c39e,identical
core/run/jobs/InitialConditionJobs.h,1b646faa90d604dc00475b9f4f6113869c28a44d,1b646faa90d604dc00475b9f4f6113869c28a44d,identical
core/run/jobs/IoJobs.cpp,5f5dc4621c0ad08d65e4dd6f38445d558dbcaff3,5f5dc4621c0ad08d65e4dd6f38445d558dbcaff3,identical
core/run/jobs/IoJobs.h,59c4d1ea00b4ffd373f79d1a04a5c3778cf29302,59c4d1ea00b4ffd373f79d1a04a5c3778cf29302,identical
core/run/jobs/MaterialJobs.cpp,7fc83b3941933049aeb6d25734460b0eb7bc15f7,7fc83b3941933049aeb6d25734460b0eb7bc15f7,identical
core/run/jobs/MaterialJobs.h,a89fed974781a19d9371e846a887b78f99c799f0,a89fed974781a19d9371e846a887b78f99c799f0,identical
core/run/jobs/ParticleJobs.cpp,934110eb3f3e3c35205225afb1762b51665db4b0,934110eb3f3e3c35205225afb1762b51665db4b0,identical
core/run/jobs/ParticleJobs.h,4fdc86d56bd20479e979dd429798bdaeff050f8c,4fdc86d56bd20479e979dd429798bdaeff050f8c,identical
core/run/jobs/Presets.cpp,903494bbb345a68aff57bcc970f90e2d6adf42e6,903494bbb345a68aff57bcc970f90e2d6adf42e6,identical
core/run/jobs/Presets.h,41caaba4c38bb323b1fc879871da6b8aba8a6263,41caaba4c38bb323b1fc879871da6b8aba8a6263,identical
core/run/jobs/ScriptJobs.cpp,59a6ddfe6e65d0551fd36836c8968ac22696fee7,59a6ddfe6e65d0551fd36836c8968ac22696fee7,identical
core/run/jobs/ScriptJobs.h,57444ca28d766df48d80530945638fb7f1ad875c,57444ca28d766df48d80530945638fb7f1ad875c,identical
core/run/jobs/SimulationJobs.cpp,397262560cf8b18f29ae9010459029f3565f7b06,397262560cf8b18f29ae9010459029f3565f7b06,identical
core/run/jobs/SimulationJobs.h,ea956cd2d911c64200088efd4d0725fe81c5b797,ea956cd2d911c64200088efd4d0725fe81c5b797,identical
core/run/test/Config.cpp,e8a7c3a9ce89b2278fb0068504fbb69b43611d64,e8a7c3a9ce89b2278fb0068504fbb69b43611d64,identical
core/run/test/IRun.cpp,2ef99857fd7f4529a8c2ecb5b7ba43922a1ac500,2ef99857fd7f4529a8c2ecb5b7ba43922a1ac500,identical
core/run/test/Jobs.cpp,2dd537866ec62eb116d876aa6cb79574320f0bde,2dd537866ec62eb116d876aa6cb79574320f0bde,identical
core/run/test/Node.cpp,71517589f58b4b3f605ed8d6f03f5f9b86a9b0fc,71517589f58b4b3f605ed8d6f03f5f9b86a9b0fc,identical
core/sharedCore.pro,bea17a748f8dee2804e9fa8b21dc56d22d984417,bea17a748f8dee2804e9fa8b21dc56d22d984417,identical
core/sph/Diagnostics.cpp,cada73cc09e990b301c0e1d701f043a7e97da700,cada73cc09e990b301c0e1d701f043a7e97da700,identical
core/sph/Diagnostics.h,5fa996fa506290d211f0bc3c5acb963f01e11113,5fa996fa506290d211f0bc3c5acb963f01e11113,identical
core/sph/Materials.cpp,578620bd4f36d984b0d169cf8f3ec6a49020a35f,578620bd4f36d984b0d169cf8f3ec6a49020a35f,identical
core/sph/Materials.h,f9158cfd71c8498486e3f43b42e00d48036888b6,f9158cfd71c8498486e3f43b42e00d48036888b6,identical
core/sph/boundary/Boundary.cpp,17c1da8f1bd1a8f725607e7b7048bc5c98393df9,17c1da8f1bd1a8f725607e7b7048bc5c98393df9,identical
core/sph/boundary/Boundary.h,a3f55353e538f32e7a46259b070df9980c2686ba,a3f55353e538f32e7a46259b070df9980c2686ba,identical
core/sph/boundary/test/Boundary.cpp,0d9b76ade6c72d11cc631dda61f65cebb7f26b12,0d9b76ade6c72d11cc631dda61f65cebb7f26b12,identical
core/sph/equations/Accumulated.cpp,8199bb3aae939636cc67b2248ec0ee02b2b66494,8199bb3aae939636cc67b2248ec0ee02b2b66494,identical
core/sph/equations/Accumulated.h,633a0a372de913cbecac3abd8fe791283188d1af,633a0a372de913cbecac3abd8fe791283188d1af,identical
core/sph/equations/DeltaSph.h,c34b8603df38b4efc2d7fd3b15e284af8eac498c,c34b8603df38b4efc2d7fd3b15e284af8eac498c,identical
core/sph/equations/Derivative.cpp,3343d83bc60fae790984913f320f0e1a828e6921,3343d83bc60fae790984913f320f0e1a828e6921,identical
core/sph/equations/Derivative.h,d4640d3182c10d99e4ae9456b3cad2e107f984c6,d4640d3182c10d99e4ae9456b3cad2e107f984c6,identical
core/sph/equations/DerivativeHelpers.h,4ed4d5f318af1575c5aeb353041c831f9116efac,4ed4d5f318af1575c5aeb353041c831f9116efac,identical
core/sph/equations/EquationTerm.cpp,232507cf7407a18a0bd5f852698eacb0a0d495ee,232507cf7407a18a0bd5f852698eacb0a0d495ee,identical
core/sph/equations/EquationTerm.h,e780a01ebefd97d9d2c5243c0ad0d0a99d13c684,e780a01ebefd97d9d2c5243c0ad0d0a99d13c684,identical
core/sph/equations/Fluids.h,6f3200adef803b614b1ab849ea200ad5a529b5cd,6f3200adef803b614b1ab849ea200ad5a529b5cd,identical
core/sph/equations/Friction.h,224c804e51369a9b63210e5794ce01b438026d41,224c804e51369a9b63210e5794ce01b438026d41,identical
core/sph/equations/Heat.h,cdb3f26a4d90dff9b9eb0f55fcf9c6f746d6e0fa,cdb3f26a4d90dff9b9eb0f55fcf9c6f746d6e0fa,identical
core/sph/equations/HelperTerms.h,600bc5a5579ccae817fe690200206648f28ad1b5,600bc5a5579ccae817fe690200206648f28ad1b5,identical
core/sph/equations/Potentials.h,5c71d46bc61e2686573189033b2d311f0c73c869,5c71d46bc61e2686573189033b2d311f0c73c869,identical
core/sph/equations/Rotation.cpp,6651f10c1b0baa89447370c9ce639f08386295e1,6651f10c1b0baa89447370c9ce639f08386295e1,identical
core/sph/equations/Rotation.h,92e31ec084820bffb14840ba803b1f030be1481b,92e31ec084820bffb14840ba803b1f030be1481b,identical
core/sph/equations/XSph.h,342d49b991200dbdd48fe6871c6b2fe00450eac4,342d49b991200dbdd48fe6871c6b2fe00450eac4,identical
core/sph/equations/Yorp.h,4250b76e6b11692dc1cea66047f1ecd251228e3d,4250b76e6b11692dc1cea66047f1ecd251228e3d,identical
core/sph/equations/av/Balsara.h,434149c67a0649eed411c6a0723f764b28bad30c,434149c67a0649eed411c6a0723f764b28bad30c,identical
core/sph/equations/av/Conductivity.h,6dfc1d3f113f0272087874452bd3bfcd1605f6dc,6dfc1d3f113f0272087874452bd3bfcd1605f6dc,identical
core/sph/equations/av/MorrisMonaghan.h,6027456c57aab37eca50b8fc77460e2aed29afbd,6027456c57aab37eca50b8fc77460e2aed29afbd,identical
core/sph/equations/av/Riemann.h,97ca440703e83c9553b6b26697b71a8e723b4582,97ca440703e83c9553b6b26697b71a8e723b4582,identical
core/sph/equations/av/Standard.h,b5d6b03ad1a3958fd8a99dfbb0d59c836037f060,b5d6b03ad1a3958fd8a99dfbb0d59c836037f060,identical
core/sph/equations/av/Stress.cpp,6ee263a06e0c242937ae580413b1a2d7b3c48a62,6ee263a06e0c242937ae580413b1a2d7b3c48a62,identical
core/sph/equations/av/Stress.h,4f03ab7e199949b57d48c32604d25e9a1f8fd064,4f03ab7e199949b57d48c32604d25e9a1f8fd064,identical
core/sph/equations/av/test/AV.cpp,f609d768b482108df284b3a2ebe48aad32f7d679,f609d768b482108df284b3a2ebe48aad32f7d679,identical
core/sph/equations/av/test/Balsara.cpp,a44dd93094809c44631bd61e019aa891e905ba7e,a44dd93094809c44631bd61e019aa891e905ba7e,identical
core/sph/equations/av/test/MorrisMonaghan.cpp,48f48bca76ca81f4d9ba8a5ef0ab52c95b1e4d70,48f48bca76ca81f4d9ba8a5ef0ab52c95b1e4d70,identical
core/sph/equations/av/test/Stress.cpp,bb36cf0d5b49c2984a5308e051f2d493516ed1fe,bb36cf0d5b49c2984a5308e051f2d493516ed1fe,identical
core/sph/equations/test/Accumulated.cpp,c4830def9c2ab38993b69398bcfa5ead562c8844,c4830def9c2ab38993b69398bcfa5ead562c8844,identical
core/sph/equations/test/Derivative.cpp,61df9293eec7358721aa1f4ec198bce6672a2311,61df9293eec7358721aa1f4ec198bce6672a2311,identical
core/sph/equations/test/EquationTerm.cpp,77d5e1a3ae2b3cb4c38dc995d34053753fe9308b,77d5e1a3ae2b3cb4c38dc995d34053753fe9308b,identical
core/sph/equations/test/Fluids.cpp,54d6fa2d4c95ac70c651870d31d13ad52b878a2d,54d6fa2d4c95ac70c651870d31d13ad52b878a2d,identical
core/sph/equations/test/Friction.cpp,6779965cfdede81d69ca9ba195288417a70febc1,6779965cfdede81d69ca9ba195288417a70febc1,identical
core/sph/equations/test/Heat.cpp,4e8db419119c75453860f857c3f60a761ed49a99,4e8db419119c75453860f857c3f60a761ed49a99,identical
core/sph/equations/test/Potentials.cpp,70084741c86bdeca27a497b298cd2d09f5e80653,70084741c86bdeca27a497b298cd2d09f5e80653,identical
core/sph/equations/test/XSph.cpp,3054b4d5f0ae62a2a25d4adee5e81a62e3fec56c,3054b4d5f0ae62a2a25d4adee5e81a62e3fec56c,identical
core/sph/initial/Distribution.cpp,2e0a5ae79e342cc16cf538df4be9a8a61ac27991,2e0a5ae79e342cc16cf538df4be9a8a61ac27991,identical
core/sph/initial/Distribution.h,fdd65cfb31850f8801a2b9374bf6c00f2c40a765,fdd65cfb31850f8801a2b9374bf6c00f2c40a765,identical
core/sph/initial/Equilibrium.cpp,dece0b9d6d8602976fba4e708d21d65b3126a7b1,dece0b9d6d8602976fba4e708d21d65b3126a7b1,identical
core/sph/initial/Equilibrium.h,6397eefdfa9254a34a74f1c4398a188f4e794f30,6397eefdfa9254a34a74f1c4398a188f4e794f30,identical
core/sph/initial/Galaxy.cpp,cb3aa51c278ae394ce80fa8a519f4bc090b35893,cb3aa51c278ae394ce80fa8a519f4bc090b35893,identical
core/sph/initial/Galaxy.h,267c22ab37bc2997c0fd1c4c1513c4a1eea75529,267c22ab37bc2997c0fd1c4c1513c4a1eea75529,identical
core/sph/initial/Initial.cpp,ace7c0a250252b4ebfe924f741e8ccb772b77a74,ace7c0a250252b4ebfe924f741e8ccb772b77a74,identical
core/sph/initial/Initial.h,a3557d952d4f1b8e62e7f7047b1fcf7e867e3e40,a3557d952d4f1b8e62e7f7047b1fcf7e867e3e40,identical
core/sph/initial/MeshDomain.cpp,cf89313184a6cced0b78714f85821fa1cb5ff80f,cf89313184a6cced0b78714f85821fa1cb5ff80f,identical
core/sph/initial/MeshDomain.h,961c52084b97b87635a38349e7475fe53282caf3,961c52084b97b87635a38349e7475fe53282caf3,identical
core/sph/initial/Stellar.cpp,8612bf62e39b87b5e40dac5f72cfaff681948194,8612bf62e39b87b5e40dac5f72cfaff681948194,identical
core/sph/initial/Stellar.h,43d80dd39022e3712065f9b003c004ff42dfe8df,43d80dd39022e3712065f9b003c004ff42dfe8df,identical
core/sph/initial/UvMapping.cpp,a3c782f0f0e7180831b2552ad362524e3db25db8,a3c782f0f0e7180831b2552ad362524e3db25db8,identical
core/sph/initial/UvMapping.h,9871433aea583f1c2cd927c6a5269b23120c02cc,9871433aea583f1c2cd927c6a5269b23120c02cc,identical
core/sph/initial/test/Distribution.cpp,9e848e75500018010a9913e7ac982c35d1bf8449,9e848e75500018010a9913e7ac982c35d1bf8449,identical
core/sph/initial/test/Initial.cpp,d1c34e8adb5d3d93a9d76cb14133ef9253e2b0c7,d1c34e8adb5d3d93a9d76cb14133ef9253e2b0c7,identical
core/sph/initial/test/Stellar.cpp,d69f64de6a9fd0cc3661fe6713d6ee83530e4e76,d69f64de6a9fd0cc3661fe6713d6ee83530e4e76,identical
core/sph/kernel/GravityKernel.h,b18de4055436d57609caa3b2d07633fd6ea8cafc,b18de4055436d57609caa3b2d07633fd6ea8cafc,identical
core/sph/kernel/Interpolation.h,356ca0a3c55b565bfee666a2a3b486ef455080b7,356ca0a3c55b565bfee666a2a3b486ef455080b7,identical
core/sph/kernel/Kernel.h,7694ba43ad141b3866097e6c545dfc023f6856f5,7694ba43ad141b3866097e6c545dfc023f6856f5,identical
core/sph/kernel/benchmark/Kernel.cpp,fcc98d65a73b01fd23c7b0ec2dd0096374b70534,fcc98d65a73b01fd23c7b0ec2dd0096374b70534,identical
core/sph/kernel/test/GravityKernel.cpp,048adffae8fb44dd9300634146d578e7fb82cdd2,048adffae8fb44dd9300634146d578e7fb82cdd2,identical
core/sph/kernel/test/Interpolation.cpp,5afe52c4e069029ad5fd310cfcc640bd80fa4600,5afe52c4e069029ad5fd310cfcc640bd80fa4600,identical
core/sph/kernel/test/Kernel.cpp,f70a16188ac055fab05ba620677746b13fa0b8e4,f70a16188ac055fab05ba620677746b13fa0b8e4,identical
core/sph/solvers/AsymmetricSolver.cpp,6afb905ebe2e4924b1fd1b265bd99db6bacf0654,6afb905ebe2e4924b1fd1b265bd99db6bacf0654,identical
core/sph/solvers/AsymmetricSolver.h,7a562180ca52d0a993ed9b23afb65328cf510398,7a562180ca52d0a993ed9b23afb65328cf510398,identical
core/sph/solvers/DensityIndependentSolver.cpp,ad6aa57e6e2a5cd4945464402b52b54193a33d6b,ad6aa57e6e2a5cd4945464402b52b54193a33d6b,identical
core/sph/solvers/DensityIndependentSolver.h,1e46fcdf16dcc24669c4bd25771012c7d767e467,1e46fcdf16dcc24669c4bd25771012c7d767e467,identical
core/sph/solvers/ElasticDeformationSolver.cpp,92cb38e77973d2ab96b449e5bad99bef0790b8af,92cb38e77973d2ab96b449e5bad99bef0790b8af,identical
core/sph/solvers/ElasticDeformationSolver.h,cc36ce34025b4af986817e0c47f01fff9fb6705a,cc36ce34025b4af986817e0c47f01fff9fb6705a,identical
core/sph/solvers/EnergyConservingSolver.cpp,59981b4728413de48d305737b47239377413df02,59981b4728413de48d305737b47239377413df02,identical
core/sph/solvers/EnergyConservingSolver.h,d7dd44221e9c57bc94a50484f721c1afeee3b202,d7dd44221e9c57bc94a50484f721c1afeee3b202,identical
core/sph/solvers/EntropySolver.h,a013f5b06ca25a4eb8bff1b17f9364c3914429e7,a013f5b06ca25a4eb8bff1b17f9364c3914429e7,identical
core/sph/solvers/EquilibriumSolver.cpp,f484d2ac3b2462eb2ae40b6b197da08963795af2,f484d2ac3b2462eb2ae40b6b197da08963795af2,identical
core/sph/solvers/EquilibriumSolver.h,7974d6bbbd3a5534346375c3f20f783a586dbdd1,7974d6bbbd3a5534346375c3f20f783a586dbdd1,identical
core/sph/solvers/GradHSolver.cpp,04b4433805f020a1b7dafd21e3b232c76b7ea799,04b4433805f020a1b7dafd21e3b232c76b7ea799,identical
core/sph/solvers/GradHSolver.h,c9aa53bc49aa22609cb55f6a89fb54b8ee5eede5,c9aa53bc49aa22609cb55f6a89fb54b8ee5eede5,identical
core/sph/solvers/GravitySolver.cpp,c267f932a68323834e31b250bc5fc66c8e43f165,c267f932a68323834e31b250bc5fc66c8e43f165,identical
core/sph/solvers/GravitySolver.h,33ba3d67daa647452352c9bc923618ccf6970894,33ba3d67daa647452352c9bc923618ccf6970894,identical
core/sph/solvers/PositionBasedSolver.cpp,35844efd4f35709d1ecdbdf61ab79a24fa3bd59c,35844efd4f35709d1ecdbdf61ab79a24fa3bd59c,identical
core/sph/solvers/PositionBasedSolver.h,bc87d246e699d255562373674e7832a2eed27ebc,bc87d246e699d255562373674e7832a2eed27ebc,identical
core/sph/solvers/SimpleSolver.h,89066b90195459256c24541b75f5aba120c0d017,89066b90195459256c24541b75f5aba120c0d017,identical
core/sph/solvers/StabilizationSolver.h,2b93c6d00fa615c345870485e28b1262263c51f2,2b93c6d00fa615c345870485e28b1262263c51f2,identical
core/sph/solvers/StandardSets.cpp,0234febc0306ca9837bc18f75191ee4eadb6e574,0234febc0306ca9837bc18f75191ee4eadb6e574,identical
core/sph/solvers/StandardSets.h,244fae890c559dc7d0911c386d4fa9a8101a68d6,244fae890c559dc7d0911c386d4fa9a8101a68d6,identical
core/sph/solvers/SummationSolver.cpp,633ff74b6933dff6183b0ef0fec07ded13f2fea9,633ff74b6933dff6183b0ef0fec07ded13f2fea9,identical
core/sph/solvers/SummationSolver.h,26ce6587a4ea686eff801d3ce7c5c9dcfc365d81,26ce6587a4ea686eff801d3ce7c5c9dcfc365d81,identical
core/sph/solvers/SymmetricSolver.cpp,7246d11c815a467b998315bdd91a5ed7bf3461ff,7246d11c815a467b998315bdd91a5ed7bf3461ff,identical
core/sph/solvers/SymmetricSolver.h,f7670eb16422c4fcf23b7f0e96075bac85f82275,f7670eb16422c4fcf23b7f0e96075bac85f82275,identical
core/sph/solvers/benchmark/Solvers.cpp,712d6c76fde11a377bf6c55f5450d252bec0dfc1,712d6c76fde11a377bf6c55f5450d252bec0dfc1,identical
core/sph/solvers/test/AsymmetricSolver.cpp,7ddf002b757da98f92b401559af4f09e2285d554,7ddf002b757da98f92b401559af4f09e2285d554,identical
core/sph/solvers/test/DensityIndependentSolver.cpp,c9ae8329de6d848071759a2c2600e2cd5f1e7f00,c9ae8329de6d848071759a2c2600e2cd5f1e7f00,identical
core/sph/solvers/test/EnergyConservingSolver.cpp,323c7052c5bd5bd47bdcfef52dc729c56166cb3e,323c7052c5bd5bd47bdcfef52dc729c56166cb3e,identical
core/sph/solvers/test/EquilbriumSolver.cpp,1a12b09062543369a7809edbb0d1734ff166febf,1a12b09062543369a7809edbb0d1734ff166febf,identical
core/sph/solvers/test/GravitySolver.cpp,0a0db37da7930723c5e9ad518fab89bb893c0a71,0a0db37da7930723c5e9ad518fab89bb893c0a71,identical
core/sph/solvers/test/Impact.cpp,cda138b37666a1a96f7f53ad5006173fa2a53d95,cda138b37666a1a96f7f53ad5006173fa2a53d95,identical
core/sph/solvers/test/Solvers.cpp,486b0f21b514c63138e7584d34aea9db4b2601b6,486b0f21b514c63138e7584d34aea9db4b2601b6,identical
core/sph/solvers/test/StandardSets.cpp,9df554cb8bbdfc2f565255cb8018e9866c34e871,9df554cb8bbdfc2f565255cb8018e9866c34e871,identical
core/sph/test/Diagnostics.cpp,561198b6871c167d7c663314aee0a0d98e8af2ec,561198b6871c167d7c663314aee0a0d98e8af2ec,identical
core/system/ArgsParser.cpp,a8d1b9b1ebcb57d7a9b6f3b4a0829bb389c306bf,a8d1b9b1ebcb57d7a9b6f3b4a0829bb389c306bf,identical
core/system/ArgsParser.h,24f915b5b0e145dfafaae99e863942a8cce5bdd0,24f915b5b0e145dfafaae99e863942a8cce5bdd0,identical
core/system/ArrayStats.h,0f9dc79a27c173dfb7789f19aa4752c9696e19f2,0f9dc79a27c173dfb7789f19aa4752c9696e19f2,identical
core/system/Crashpad.h,324b57878d23574869b85abea8a565dd95818792,324b57878d23574869b85abea8a565dd95818792,identical
core/system/Factory.cpp,d9922d479ac2221ed01a56957d94b3334ca508b3,d9922d479ac2221ed01a56957d94b3334ca508b3,identical
core/system/Factory.h,ed12df6f7d9c999cbaef6c53f28809cfe9b77e87,ed12df6f7d9c999cbaef6c53f28809cfe9b77e87,identical
core/system/Platform.cpp,1f00614e83528df7180dd4276276b2fdd916fe3d,1f00614e83528df7180dd4276276b2fdd916fe3d,identical
core/system/Platform.h,bf2115eee719bb792464c80eba394cad2d9b317f,bf2115eee719bb792464c80eba394cad2d9b317f,identical
core/system/Process.cpp,21dd8a9cc9e26ab8588027bf61a30df8af3420d9,21dd8a9cc9e26ab8588027bf61a30df8af3420d9,identical
core/system/Process.h,188b765f67656058b588a8281ee894c5d9fa1f4f,188b765f67656058b588a8281ee894c5d9fa1f4f,identical
core/system/Profiler.cpp,d51b3738f30f77bd22f4386713153788d7e2c5b1,d51b3738f30f77bd22f4386713153788d7e2c5b1,identical
core/system/Profiler.h,eb0d828e354fc68548ab9ef15509999a4490491e,eb0d828e354fc68548ab9ef15509999a4490491e,identical
core/system/Settings.cpp,1f4783d46d3e295fb0514f6f52be822bd2dfc376,1f4783d46d3e295fb0514f6f52be822bd2dfc376,identical
core/system/Settings.h,3425835d9076e137a02fb159cd853e7b0123457a,3425835d9076e137a02fb159cd853e7b0123457a,identical
core/system/Settings.impl.h,081f4716e6e54dd1a0434d366b6e0ff65f68379c,081f4716e6e54dd1a0434d366b6e0ff65f68379c,identical
core/system/Statistics.cpp,e69de29bb2d1d6434b8b29ae775ad8c2e48c5391,e69de29bb2d1d6434b8b29ae775ad8c2e48c5391,identical
core/system/Statistics.h,550403b358fa6bf266cd3c699f9f61e5e21673d4,550403b358fa6bf266cd3c699f9f61e5e21673d4,identical
core/system/Timer.cpp,14c4610c8c94be10c93a5f85b5907ee15d165a83,14c4610c8c94be10c93a5f85b5907ee15d165a83,identical
core/system/Timer.h,437706e9926cfb86792d55abc687f95733766696,437706e9926cfb86792d55abc687f95733766696,identical
core/system/test/ArgsParser.cpp,0a4fccc9b9f0df2168bcc184aa20c1a1428bd47b,0a4fccc9b9f0df2168bcc184aa20c1a1428bd47b,identical
core/system/test/ArrayStats.cpp,a30b89e2febb92f544e98892f0888bd63de5f9b7,a30b89e2febb92f544e98892f0888bd63de5f9b7,identical
core/system/test/Crashpad.cpp,9138282800feabf2469dddc3ca0465d3dd61cee4,9138282800feabf2469dddc3ca0465d3dd61cee4,identical
core/system/test/Process.cpp,9382656521b4c628a934db3034002b1d654ce27c,9382656521b4c628a934db3034002b1d654ce27c,identical
core/system/test/Profiler.cpp,553e3df101627be96319bd939e8c57f4afc20144,553e3df101627be96319bd939e8c57f4afc20144,identical
core/system/test/Settings.cpp,3c90791299f0ddc3921334da7fe205509d36f971,3c90791299f0ddc3921334da7fe205509d36f971,identical
core/system/test/Statistics.cpp,8f3532db79805c29b4fab4ecc4add41a9c99a504,8f3532db79805c29b4fab4ecc4add41a9c99a504,identical
core/system/test/Timer.cpp,60ffc4a3935dcc967334cf1a291c1357d97bcc9c,60ffc4a3935dcc967334cf1a291c1357d97bcc9c,identical
core/tests/Approx.h,653cb34a37a2891db8abd9d555575dcf9cf749fe,653cb34a37a2891db8abd9d555575dcf9cf749fe,identical
core/tests/Setup.cpp,423196236de20847e9f96195c90a34f72c4e0a7c,423196236de20847e9f96195c90a34f72c4e0a7c,identical
core/tests/Setup.h,0810b04ec37ed58e62de14145e9bf25edd23bb1a,0810b04ec37ed58e62de14145e9bf25edd23bb1a,identical
core/thread/AtomicFloat.h,5cd3c1c9fc51a4f2e422f63f4df6ffd1cb8adaa7,5cd3c1c9fc51a4f2e422f63f4df6ffd1cb8adaa7,identical
core/thread/CheckFunction.cpp,6b4752217a9ee1d41d560b9e06e629cedf4760e3,6b4752217a9ee1d41d560b9e06e629cedf4760e3,identical
core/thread/CheckFunction.h,fdc679e4fd378bf6a2ea625928016a28db228149,fdc679e4fd378bf6a2ea625928016a28db228149,identical
core/thread/ConcurrentQueue.h,0a84620d7ccc01cdade6a9ea6c0b8ec6f7138dd5,0a84620d7ccc01cdade6a9ea6c0b8ec6f7138dd5,identical
core/thread/OpenMp.cpp,332beab77daf1a1d3561584f0e27fca5efa75d28,332beab77daf1a1d3561584f0e27fca5efa75d28,identical
core/thread/OpenMp.h,7e927eb70410e8befe9175398f844b94eba0debd,7e927eb70410e8befe9175398f844b94eba0debd,identical
core/thread/Pool.cpp,7ef9ff8bdec3b8fe5d8c700aab8ad1540e30572b,7ef9ff8bdec3b8fe5d8c700aab8ad1540e30572b,identical
core/thread/Pool.h,01ed83324bd9204619941ddd44d04737e8aa6c57,01ed83324bd9204619941ddd44d04737e8aa6c57,identical
core/thread/Scheduler.cpp,17e186a21944d32e8355955e1d073be240faa8a0,17e186a21944d32e8355955e1d073be240faa8a0,identical
core/thread/Scheduler.h,78b7fb7525a26843b473d8d7fd3cae076b9834b9,78b7fb7525a26843b473d8d7fd3cae076b9834b9,identical
core/thread/Tbb.cpp,da9fc0d26d1c52a644ed1f11ff6653c34349be15,da9fc0d26d1c52a644ed1f11ff6653c34349be15,identical
core/thread/Tbb.h,7d67ff824dcd322098da8f3e51c021e1bacb3dba,7d67ff824dcd322098da8f3e51c021e1bacb3dba,identical
core/thread/ThreadLocal.h,11c51c9dc2b621a6122dcb9682d5494f8bbb3466,11c51c9dc2b621a6122dcb9682d5494f8bbb3466,identical
core/thread/test/AtomicFloat.cpp,296a5097e9ed3b3a36f97ae2704bc809cf9dba79,296a5097e9ed3b3a36f97ae2704bc809cf9dba79,identical
core/thread/test/CheckFunction.cpp,cf3838d4ba78ac9da94eb0e6e90f2f794345fdf3,cf3838d4ba78ac9da94eb0e6e90f2f794345fdf3,identical
core/thread/test/Pool.cpp,a5174bcece0e6861bae0f191ef5ce051e1000e00,a5174bcece0e6861bae0f191ef5ce051e1000e00,identical
core/thread/test/Scheduler.cpp,a00265a2e862d03d29e4ef119dd5e175216d2d81,a00265a2e862d03d29e4ef119dd5e175216d2d81,identical
core/timestepping/ISolver.h,1a5e8a13a5d62e3bf6a31606380d645b0043da86,1a5e8a13a5d62e3bf6a31606380d645b0043da86,identical
core/timestepping/TimeStepCriterion.cpp,722365a84341119a9fdf975df8ad5fa4d821bd1b,722365a84341119a9fdf975df8ad5fa4d821bd1b,identical
core/timestepping/TimeStepCriterion.h,5f85a8f6e7107d86b5c6c0e8e835ecd55f2a384d,5f85a8f6e7107d86b5c6c0e8e835ecd55f2a384d,identical
core/timestepping/TimeStepping.cpp,13544f872315d33265dd4d17c70e145c17d19573,13544f872315d33265dd4d17c70e145c17d19573,identical
core/timestepping/TimeStepping.h,b441991583fae5ea83eccf5171d8bae413c881e0,b441991583fae5ea83eccf5171d8bae413c881e0,identical
core/timestepping/benchmark/Timestepping.cpp,4378c0bc324cfe34e1f202cfc83928f746ee13ce,4378c0bc324cfe34e1f202cfc83928f746ee13ce,identical
core/timestepping/test/TimeStepCriterion.cpp,523e55e353cef9a6adbfd0b68588371d23703231,523e55e353cef9a6adbfd0b68588371d23703231,identical
core/timestepping/test/TimeStepping.cpp,1e12d54abcedbfbd26cbbb9c7fd73f3c9c187ccf,1e12d54abcedbfbd26cbbb9c7fd73f3c9c187ccf,identical
examples.pro,1fb80541a08aebbf34a691a52635eb83c4a3b25b,,not-imported
examples/01_hello_asteroid/.clang-format,c7cf9b90dbafe8a253a8fbe988e02a16eed20e19,,not-imported
examples/01_hello_asteroid/01_hello_asteroid.pro,8076e9ce377624bef4433db1472d805ac2675aea,,not-imported
examples/01_hello_asteroid/HelloAsteroid.cpp,09e7a7e67543d1c36b036e656312de41b6af8449,,not-imported
examples/02_death_star/.clang-format,c7cf9b90dbafe8a253a8fbe988e02a16eed20e19,,not-imported
examples/02_death_star/02_death_star.pro,d8cb0d5e4224afad63d504db01e5fc6d1d02ebf2,,not-imported
examples/02_death_star/DeathStar.cpp,8afa3fc0c8c6970f8bf56c6b43109696d5416569,,not-imported
examples/03_van_der_waals/.clang-format,c7cf9b90dbafe8a253a8fbe988e02a16eed20e19,,not-imported
examples/03_van_der_waals/03_van_der_waals.pro,67415aed1cd9278eecd4f301af947dc252666d47,,not-imported
examples/03_van_der_waals/VanDerWaals.cpp,bc35702c07f7e4cc44476c8b78018b110f4252e9,,not-imported
examples/04_simple_collision/.clang-format,c7cf9b90dbafe8a253a8fbe988e02a16eed20e19,,not-imported
examples/04_simple_collision/04_simple_collision.pro,5775bc06a4d185b90fcbd98d426b036d64b74d97,,not-imported
examples/04_simple_collision/SimpleCollision.cpp,acd26b658c5f6bff872f2650fb6f2c76dd4f8d02,,not-imported
examples/05_fragmentation_reaccumulation/.clang-format,c7cf9b90dbafe8a253a8fbe988e02a16eed20e19,,not-imported
examples/05_fragmentation_reaccumulation/05_fragmentation_reaccumulation.pro,ecf68ab158387560fd2185cb3d836b0bb5bc9d77,,not-imported
examples/05_fragmentation_reaccumulation/FragmentationReaccumulation.cpp,68ebc47739df6c0b7723b21b9a1034b53c670dce,,not-imported
examples/06_heat_diffusion/.clang-format,c7cf9b90dbafe8a253a8fbe988e02a16eed20e19,,not-imported
examples/06_heat_diffusion/06_heat_diffusion.pro,0189a299ceb91ba1baf7b97f8a9d9a724fdc050b,,not-imported
examples/06_heat_diffusion/HeatDiffusion.cpp,c29860ed6d55a67c93ffff516dfb4e93a605a0d3,,not-imported
gui/.gitignore,fab7372d796ea95c80d02df6caa7eb2b411a7ac1,,not-imported
gui/Allocation.cpp,665cd06cf765326f7035b3f94856cadefe7601c6,,not-imported
gui/ArcBall.h,8d6903cae084d0cec39799426a2effd02137e735,,not-imported
gui/CMakeLists.txt,0ee05a05643d6d18a10153d2e9c39f54136e51df,,not-imported
gui/Controller.cpp,22ef422ed5b79824f0b2c84bce44708a82b8d770,,not-imported
gui/Controller.h,078c910f680a435fffb8d4897df41a176a71e190,,not-imported
gui/Factory.cpp,7fc352bfa70da251c71347372fddc59f245db6ad,,not-imported
gui/Factory.h,4266d75787b62035751e1fe37534cdc91f3c8b19,,not-imported
gui/ImageTransform.cpp,ed8173c487415b306cc34fee75d45936bae499bd,,not-imported
gui/ImageTransform.h,5e791aeffaf6ebe999dc363936bfdf0fb32426c1,,not-imported
gui/MainLoop.cpp,91de91843c55c45531a3dcdc7e1f6c9d91e5a6dd,,not-imported
gui/MainLoop.h,76b901eb992eb82723b2e38bfb894cbe567d7948,,not-imported
gui/Project.cpp,20564ff8023a0ccd43a2e91555ad406707223b0c,,not-imported
gui/Project.h,a35cac0bf10e892fac8cb63ea5e0aad6acb26f81,,not-imported
gui/Settings.cpp,4dba2e649651ccdd577c0acfac92a3453300f81a,,not-imported
gui/Settings.h,d3376bb6b3d9c09540ba593f0358057bd5433b55,,not-imported
gui/Utils.cpp,9fd608a016ca472666097fd9b2f587005c1c8c43,,not-imported
gui/Utils.h,a020cf288d85e24aba4e5b9e936fb2955852e8c1,,not-imported
gui/gui.pro,92170a2457befd293dfaaa35d14368aaf781e0c8,,not-imported
gui/jobs/CameraJobs.cpp,80d7c6465019499bd1a575aaa00b04a34ec95a92,,not-imported
gui/jobs/CameraJobs.h,845ce95a3cbbeb4c8e9d71142087d25678801581,,not-imported
gui/jobs/Presets.cpp,bc378053c6dca0b875736a9ec2bf2087426bb795,,not-imported
gui/jobs/Presets.h,7077b9416a4137e55689b47712b694e20032f4aa,,not-imported
gui/jobs/RenderJobs.cpp,92eec3670b346906645e5847e06273ad092c5c8a,,not-imported
gui/jobs/RenderJobs.h,3989c311bfc2322e164ee8ca372759e899f7ce12,,not-imported
gui/launcherGui/CMakeLists.txt,8abb8b1ad72a77d04f7d869f70d892b1f80d9023,,not-imported
gui/launcherGui/LauncherGui.cpp,5455a17c174d7037237b6c42c9d0d0ec4e2d2a5b,,not-imported
gui/launcherGui/LauncherGui.h,ba63e4095b621f85270ab35c2071101e0af0fcd3,,not-imported
gui/launcherGui/launcherGui.pro,10c35ee50b76bdb05936aeca2cc7af3af667f03b,,not-imported
gui/objects/Bitmap.cpp,94b5d469590559b072cd564ad6ddad264736611f,,not-imported
gui/objects/Bitmap.h,28bfb75e76a9a9856c0554753409c29bb3c3e195,,not-imported
gui/objects/Camera.cpp,5b518f3f576926b9a89bc0ac26122046e52b49a7,,not-imported
gui/objects/Camera.h,02a5a0f3c8009a940ec46d93f56a3a97415eecb8,,not-imported
gui/objects/Color.h,424fee04eb0fb65486facdddb8fcd66321a96ff9,,not-imported
gui/objects/Colorizer.cpp,4b4a8fcce9dbbd8903afad9667f47e3cb0df47b8,,not-imported
gui/objects/Colorizer.h,8c867ce37dfbc2d5c2e665bde44754f3f8e8bd94,,not-imported
gui/objects/DelayedCallback.h,8df0ccdb4d04c199e93dac502fde6d51b853861f,,not-imported
gui/objects/Filmic.cpp,753c277b221903c3e4d17164f2902fc0e3c0e8da,,not-imported
gui/objects/Filmic.h,38e2f7669d03a62125873a1fca3ce772e2448cb8,,not-imported
gui/objects/GraphicsContext.h,138a73b3a511fe811e0768c8dd250bbb6337dbb8,,not-imported
gui/objects/Movie.cpp,556c5fc3f6f74c1c48f2f8fbd490c5b67c0cb75a,,not-imported
gui/objects/Movie.h,c90e8307db4ad7c59d72a8e7d4d0e0905a9f564b,,not-imported
gui/objects/Palette.cpp,9fac01cfe18295c33ca456a88312fef9771f0673,,not-imported
gui/objects/Palette.h,3c95f4022e026e43abd47cd4bcdafabd71090545,,not-imported
gui/objects/PaletteEntry.cpp,90f65024f318ae6a2adce29966f507066e85cc2d,,not-imported
gui/objects/PaletteEntry.h,0e9179dd541358da3e827c1680d6ab255308dcce,,not-imported
gui/objects/Plots.cpp,1b4395f7127c3e06f06db58efbeaa0ca6fa4ff35,,not-imported
gui/objects/Plots.h,bd7e8ce729cfd53b2455cc9c1b6502e6aa04cb56,,not-imported
gui/objects/Point.h,a587556f540e0a16e6eaa9ddd7603d7971260455,,not-imported
gui/objects/RenderContext.cpp,281d0e3813feb6621514de6c300e04198be08d1f,,not-imported
gui/objects/RenderContext.h,f30bb9885a05623dab2f44591d3524dc9d49bf0a,,not-imported
gui/objects/SvgContext.h,d4634855acfc738465fedcdc84546d5c8007a736,,not-imported
gui/objects/Texture.h,c68a5f95633c1e9ca83465d3646ef4d493791cec,,not-imported
gui/renderers/Brdf.h,b39c8499cf3c1d5506c182fdb3d275ff407a545b,,not-imported
gui/renderers/ContourRenderer.cpp,75309ef7844be09de43352089ff703f29db8cde2,,not-imported
gui/renderers/ContourRenderer.h,188858c326fdb720cd31014d4598466b06da319f,,not-imported
gui/renderers/FrameBuffer.h,01d55de52211a37c038be5ed50a9e73c2f4444d9,,not-imported
gui/renderers/IRenderer.cpp,bbb986dafce618213a6922b153213756fccc73e2,,not-imported
gui/renderers/IRenderer.h,4c47ec6c11a860e108c33eec407a543192a0f199,,not-imported
gui/renderers/Lensing.h,b5e44b17a892f4c663d7e19177f4855bf26dad21,,not-imported
gui/renderers/MeshRenderer.cpp,28a434fd4c630b82671085188a7c41a2c0ee4747,,not-imported
gui/renderers/MeshRenderer.h,c368658bc418d76f6d09ae11bd4118a79ecf761c,,not-imported
gui/renderers/ParticleRenderer.cpp,48a51030eccdcce54495b94046e2287ff457e305,,not-imported
gui/renderers/ParticleRenderer.h,a7817469a155dca325a0984a1cae885e5544005e,,not-imported
gui/renderers/RayMarcher.cpp,0a6a6d62d20c5ab11c5d40a043ec87fb43a0de79,,not-imported
gui/renderers/RayMarcher.h,8c584126ee0a238f761aab3b96491a6ecb8df65a,,not-imported
gui/renderers/Spectrum.cpp,88b44379fb2ceccaf6b6b9e0117fbdc6b1950476,,not-imported
gui/renderers/Spectrum.h,85508acf0096121babc3efc9c6ec56d6b0efe98d,,not-imported
gui/renderers/VolumeRenderer.cpp,9f8763b4335b9644a32287c94fb794084aa4bb94,,not-imported
gui/renderers/VolumeRenderer.h,7e07e0b1d343135ab12c32978520422b4fb92834,,not-imported
gui/sandboxGui/SandboxGui.cpp,8d75b57bcb9fdfc0ff301e7017a2744e9452962c,,not-imported
gui/sandboxGui/sandboxGui.pro,6a7645a505f8797fe6eec985920e29f4c6e03f94,,not-imported
gui/sharedGui.pro,8ccf662241bc518eccaabc690ada7ff4e5a16d9f,,not-imported
gui/ssftopng/SsfToPng.cpp,7ed032f6970dea2cdf30dda8cbbeda9388b3474d,,not-imported
gui/ssftopng/SsfToPng.h,7c25acc6f34463c40fbc535a5bb0ec4c2c5145f4,,not-imported
gui/ssftopng/ssftopng.pro,4447394a02a9e59b456f9983012c5f93b54b169c,,not-imported
gui/windows/BatchDialog.cpp,2e7366e54ea1ec855a465a9364906f09e43ebf20,,not-imported
gui/windows/BatchDialog.h,9425c5129970c9e1728a98e84612b4957ee0b05e,,not-imported
gui/windows/CurveDialog.cpp,7fffdc9774c1eee5462537c17ac795135071d154,,not-imported
gui/windows/CurveDialog.h,f7144c6924ebfc94d0c725f34f40c5d0db0b8a66,,not-imported
gui/windows/GridPage.cpp,d0c34b3b010f904b8b18396d24db08075792d263,,not-imported
gui/windows/GridPage.h,fb15ad313e09e84c4e1d40abce91eca9cf23a07d,,not-imported
gui/windows/GuiSettingsDialog.cpp,ca60f7896afa30c13d0b99dcd5407e202dac174e,,not-imported
gui/windows/GuiSettingsDialog.h,4323ccdee872ccd539346831688de265a52ad4b6,,not-imported
gui/windows/IGraphicsPane.h,c231b4c71f49e56a5f905092623e2b7d9c974456,,not-imported
gui/windows/Icons.data.h,71af5cee05d72fc902f207c591422a95842c2068,,not-imported
gui/windows/MainWindow.cpp,2b3b2eb79f8b54f0b6aa744a655837a6aab01e6c,,not-imported
gui/windows/MainWindow.h,02463c22f412e8f4869f33696fbc54590a15b08d,,not-imported
gui/windows/NodePage.cpp,a796c1b4473ec252f9b95bcc67fb650ad52690de,,not-imported
gui/windows/NodePage.h,8ca3d8a1893794f155ec7972c16355fee6996b2e,,not-imported
gui/windows/OrthoPane.cpp,c6f77d2a81e7bea268ef5aba8be7d2de82e76563,,not-imported
gui/windows/OrthoPane.h,cbf1d5300aa6c04f46862c94fcb3f2552fa5c840,,not-imported
gui/windows/PaletteEditor.cpp,265e4bbeacdd26f685d227ff5b91a14014a34985,,not-imported
gui/windows/PaletteEditor.h,31e362974d99938ff9fc6855a39f67cc2b7f5999,,not-imported
gui/windows/PaletteProperty.cpp,65427ff9ea5bcb78178504197a33c9f4037150ca,,not-imported
gui/windows/PaletteProperty.h,df4dc5223edb8271e7acc43162c9bbea51bdf7cc,,not-imported
gui/windows/PaletteWidget.cpp,5cde648dac4f8675de55d1e7571703583cd7ffe5,,not-imported
gui/windows/PaletteWidget.h,96ee6dff60a5c43e6406324071ff6ae85c63b3d4,,not-imported
gui/windows/ParticleProbe.cpp,3a572fda62f78df16d4a855356f27037ec9de0cd,,not-imported
gui/windows/ParticleProbe.h,5bab0566ac6494672ae1c88147d88bb770ba4f39,,not-imported
gui/windows/PlotView.cpp,57a2589e8dd31ddfc57e3431ff5b980fa73f5036,,not-imported
gui/windows/PlotView.h,ef582fd7a3cdd984734ee63c675841d2120a9c7f,,not-imported
gui/windows/PreviewPane.cpp,e416178e65a14ca17db6eb3e598ab2d0d1afd18e,,not-imported
gui/windows/PreviewPane.h,b72a6a355058a014903b135e57acdb474ac4b153,,not-imported
gui/windows/ProgressPanel.cpp,7885dd76daee406c8fcbc0e7b83d04910878ce21,,not-imported
gui/windows/ProgressPanel.h,b87173eef2dabe0b7491f63e3a15d87df951a86d,,not-imported
gui/windows/RenderPage.cpp,7233e96b542c1f3fc6dedee244a2afe9ddaf139b,,not-imported
gui/windows/RenderPage.h,f87234911c72f4a96d7362c80019a4d2ab132565,,not-imported
gui/windows/RenderSetup.cpp,d35758b00218f359677b61e7015ac996f977cc93,,not-imported
gui/windows/RenderSetup.h,daa7a4ade3dc5d78e4cca9feee5c67036a3ab034,,not-imported
gui/windows/RunPage.cpp,cada2d2c5f06b52ab53e937fb82be8743a0c0ee4,,not-imported
gui/windows/RunPage.h,2fa2c3d1b6dafa139f265d079142740864063f82,,not-imported
gui/windows/RunSelectDialog.cpp,dfe18dadff6fb36c93e815c90e0fee9a9089164d,,not-imported
gui/windows/RunSelectDialog.h,3cdfb25b6241c86d3b91e6aa3b6a10f598bde5a5,,not-imported
gui/windows/SessionDialog.cpp,8742f1bfd61f5a7cbaecd53faede12b3cdfac13c,,not-imported
gui/windows/SessionDialog.h,5f57774438fccb6fa14ab5a4735840c6e9106b6d,,not-imported
gui/windows/TimeLine.cpp,c69fb504bbdcd34103ace08d78f5436080b23da6,,not-imported
gui/windows/TimeLine.h,fd5c2b29dbc6e9d5f3bbc2e21e0ffae4af2982a2,,not-imported
gui/windows/Tooltip.cpp,ad7249a4c65e1295d0a8cb30eabdbcbda84cea2a,,not-imported
gui/windows/Tooltip.h,cd1f8be0489a8037911826fff9bfb3fb83baa034,,not-imported
gui/windows/WeakRef.h,9474892490f59bc97ba7a0114b3c3c5f14937273,,not-imported
gui/windows/Widgets.cpp,e8acbb0abcae1c6ec41be2141a7623dc4313f2aa,,not-imported
gui/windows/Widgets.h,3dda46492be5cb157a1cfd3ae18e1f079e324512,,not-imported
helpers.py,2cbeb0ee5a18e66d1ea46937d122fcbbcf54a03a,,not-imported
post/.clang-format,c7cf9b90dbafe8a253a8fbe988e02a16eed20e19,,not-imported
post/main.cpp,3d6a9b5c2f242667a3f041de456943ed06dbbf3a,,not-imported
post/post.pro,d0a9479945d2cbe699deb4ecbeecfb7aa6b1b70d,,not-imported
regression/impact/impact.sph,32311e2cf4d24037ef5cbe850b50e4f7307ae800,,not-imported
regression/impact/plot.plt,077bac45a005736a0548c7e817d7d2c6572f4a66,,not-imported
regression/impact/reference.png,26f97a02ea9a4ba79d1a8f1bd7f3bdcce8bd2d2f,,not-imported
regression/impact/reference.scf,49bb12b1c532e955dc7baa6ea320b8a60ece407d,,not-imported
regression/nbody-bounce/nbody-bounce.sph,8186043be4b56e3a04a52b96ba816ec6af920ee6,,not-imported
regression/nbody-bounce/plot.plt,1097ebff95ad24a39af73133c452ce04075ed545,,not-imported
regression/nbody-bounce/reference.png,3c61e498287cbde30c73a2d469f710b4f7eedb6d,,not-imported
regression/nbody-bounce/reference.scf,2d533c4373397b21285be9c8b1bb058a2b63f34a,,not-imported
regression/nbody-merge-or-bounce/nbody-merge-or-bounce.sph,f3bd8cfcb7b0814149a4410062ec6cf951536902,,not-imported
regression/nbody-merge-or-bounce/plot.plt,1097ebff95ad24a39af73133c452ce04075ed545,,not-imported
regression/nbody-merge-or-bounce/reference.png,95904fc7439c430a7f3aab15a5396909598c88d2,,not-imported
regression/nbody-merge-or-bounce/reference.scf,7d42f5eb524406c4d6af0df00a7757d9e126278f,,not-imported
regression/nbody-merge/nbody-merge.sph,0aa835dba50301f620ce7a3276fe3c4218a92d64,,not-imported
regression/nbody-merge/plot.plt,1097ebff95ad24a39af73133c452ce04075ed545,,not-imported
regression/nbody-merge/reference.png,64445a0e66f71caf67e5cf6f36213fcf3231e58e,,not-imported
regression/nbody-merge/reference.scf,2aad2ffa4bcac21e8c73065b0708daf69fcadcda,,not-imported
regression/rotation/plot.plt,0f35a327e08431307dfe52d6829863a2211cd3a9,,not-imported
regression/rotation/reference.png,2000ea5d5689b5da87dc107bbb385091f75f4297,,not-imported
regression/rotation/reference.scf,43d4cbe5f069101e56fda5841c285be6ad220920,,not-imported
regression/rotation/rotate.sph,71df47fe29246542bf8221595a811f6876d00ce6,,not-imported
sph.pro,f94636d8dcfc01f81e8e8f1abd173d7198beb9e8,,not-imported
statistics.sh,0d2692ed99b8f1004cda660e2f74385cc9b6e97a,,not-imported
test.pro,51c43cb47fe4018380eaae9bc777f44dacc68676,,not-imported
test/.clang-format,c7cf9b90dbafe8a253a8fbe988e02a16eed20e19,,not-imported
test/.gitignore,fab7372d796ea95c80d02df6caa7eb2b411a7ac1,,not-imported
test/main.cpp,620fe349478cb6b6a16c7838803557d30c1c1e81,,not-imported
test/resources/0.scf,c3c223f6580b73abdc6c39d5c94ff24faef18051,,not-imported
test/resources/0.ssf,0be4c1830e814f4195b8d2a901667a2399288c28,,not-imported
test/resources/20180407.ssf,c1628f138d36a8044503706482ebfdd3e8771ef8,,not-imported
test/resources/20181024.ssf,318eee5cb2af2be76a66cf6069077122a05e9f50,,not-imported
test/resources/20210320.ssf,768f0479b2138e1286f77afac36ba5f7764edaf1,,not-imported
test/resources/20210808.scf,794d491454c73779ebb0dc3b3262d49cd8e51e2f,,not-imported
test/resources/20210808.ssf,2d7a2b2b0af6f58de0239fd9483ec1f0226c1a2d,,not-imported
test/test.pro,33367f109bd68b18dddc809f0dfd9fd5ef96c06f,,not-imported
test/utils/Approx.cpp,d54ee653c64a605a3c067a80b2c0a3d7ef85b394,,not-imported
test/utils/Config.h,e66ae68812fba8790a3f796d0557b0752f031084,,not-imported
test/utils/RecordType.h,6b56ddeaf9bacaefd363a58272f071a257782c48,,not-imported
test/utils/SequenceTest.cpp,d272c52654db644ab93f0d44f51c8545b3ed1cc7,,not-imported
test/utils/SequenceTest.h,15ffad0357fa819be58f7e05d4d5d5938cbf9978,,not-imported
test/utils/Utils.cpp,33fc67caa6551af103009a4167a1b8e968d839b3,,not-imported
test/utils/Utils.h,81978fe0dd51f4c4443b0c1e5bd59248c4fed5a5,,not-imported
tools.pro,ead10b8ea9914c17b36c9d107685ae42c2cc7b61,,not-imported
